-- MySQL dump 10.13  Distrib 9.3.0, for macos15.2 (arm64)
--
-- Host: localhost    Database: ecoride
-- ------------------------------------------------------
-- Server version	9.3.0

/*!40101 SET @OLD_CHARACTER_SET_CLIENT=@@CHARACTER_SET_CLIENT */;
/*!40101 SET @OLD_CHARACTER_SET_RESULTS=@@CHARACTER_SET_RESULTS */;
/*!40101 SET @OLD_COLLATION_CONNECTION=@@COLLATION_CONNECTION */;
/*!50503 SET NAMES utf8mb4 */;
/*!40103 SET @OLD_TIME_ZONE=@@TIME_ZONE */;
/*!40103 SET TIME_ZONE='+00:00' */;
/*!40014 SET @OLD_UNIQUE_CHECKS=@@UNIQUE_CHECKS, UNIQUE_CHECKS=0 */;
/*!40014 SET @OLD_FOREIGN_KEY_CHECKS=@@FOREIGN_KEY_CHECKS, FOREIGN_KEY_CHECKS=0 */;
/*!40101 SET @OLD_SQL_MODE=@@SQL_MODE, SQL_MODE='NO_AUTO_VALUE_ON_ZERO' */;
/*!40111 SET @OLD_SQL_NOTES=@@SQL_NOTES, SQL_NOTES=0 */;

--
-- Table structure for table `administrateur`
--

DROP TABLE IF EXISTS `administrateur`;
/*!40101 SET @saved_cs_client     = @@character_set_client */;
/*!50503 SET character_set_client = utf8mb4 */;
CREATE TABLE `administrateur` (
  `id` int NOT NULL AUTO_INCREMENT,
  `user_id` int NOT NULL,
  `niveau` varchar(50) COLLATE utf8mb4_unicode_ci NOT NULL,
  `created_at` datetime NOT NULL COMMENT '(DC2Type:datetime_immutable)',
  `updated_at` datetime DEFAULT NULL COMMENT '(DC2Type:datetime_immutable)',
  PRIMARY KEY (`id`),
  KEY `IDX_32EB52E8A76ED395` (`user_id`),
  CONSTRAINT `FK_32EB52E8A76ED395` FOREIGN KEY (`user_id`) REFERENCES `user` (`id`)
) ENGINE=InnoDB DEFAULT CHARSET=utf8mb4 COLLATE=utf8mb4_unicode_ci;
/*!40101 SET character_set_client = @saved_cs_client */;

--
-- Dumping data for table `administrateur`
--

LOCK TABLES `administrateur` WRITE;
/*!40000 ALTER TABLE `administrateur` DISABLE KEYS */;
/*!40000 ALTER TABLE `administrateur` ENABLE KEYS */;
UNLOCK TABLES;

--
-- Table structure for table `avis`
--

DROP TABLE IF EXISTS `avis`;
/*!40101 SET @saved_cs_client     = @@character_set_client */;
/*!50503 SET character_set_client = utf8mb4 */;
CREATE TABLE `avis` (
  `id` int NOT NULL AUTO_INCREMENT,
  `auteur_id` int NOT NULL,
  `cible_id` int NOT NULL,
  `trajet_id` int NOT NULL,
  `note` int NOT NULL,
  `commentaire` longtext COLLATE utf8mb4_unicode_ci,
  `created_at` datetime NOT NULL COMMENT '(DC2Type:datetime_immutable)',
  `updated_at` datetime DEFAULT NULL COMMENT '(DC2Type:datetime_immutable)',
  `is_validated` tinyint(1) NOT NULL,
  PRIMARY KEY (`id`),
  KEY `IDX_8F91ABF060BB6FE6` (`auteur_id`),
  KEY `IDX_8F91ABF0A96E5E09` (`cible_id`),
  KEY `IDX_8F91ABF0D12A823` (`trajet_id`),
  CONSTRAINT `FK_8F91ABF060BB6FE6` FOREIGN KEY (`auteur_id`) REFERENCES `user` (`id`),
  CONSTRAINT `FK_8F91ABF0A96E5E09` FOREIGN KEY (`cible_id`) REFERENCES `user` (`id`),
  CONSTRAINT `FK_8F91ABF0D12A823` FOREIGN KEY (`trajet_id`) REFERENCES `trajet` (`id`)
) ENGINE=InnoDB AUTO_INCREMENT=8 DEFAULT CHARSET=utf8mb4 COLLATE=utf8mb4_unicode_ci;
/*!40101 SET character_set_client = @saved_cs_client */;

--
-- Dumping data for table `avis`
--

LOCK TABLES `avis` WRITE;
/*!40000 ALTER TABLE `avis` DISABLE KEYS */;
INSERT INTO `avis` VALUES (1,2,1,1,5,'Excellent conducteur, très ponctuel !','2025-06-02 15:02:10','2025-06-02 15:02:10',1),(2,3,1,1,4,'Bon trajet, voiture confortable.','2025-06-02 15:02:10','2025-06-02 15:02:10',1),(3,4,1,1,3,'Un peu en retard, mais sympa.','2025-06-02 15:02:10','2025-06-02 15:02:10',0),(6,13,13,17,0,'','2025-06-09 13:34:46',NULL,1),(7,13,13,17,0,'Le chauffeur est fumeur, il fume dans la voiture durant le trajet.\r\n','2025-06-09 13:43:41',NULL,1);
/*!40000 ALTER TABLE `avis` ENABLE KEYS */;
UNLOCK TABLES;

--
-- Table structure for table `doctrine_migration_versions`
--

DROP TABLE IF EXISTS `doctrine_migration_versions`;
/*!40101 SET @saved_cs_client     = @@character_set_client */;
/*!50503 SET character_set_client = utf8mb4 */;
CREATE TABLE `doctrine_migration_versions` (
  `version` varchar(191) COLLATE utf8mb3_unicode_ci NOT NULL,
  `executed_at` datetime DEFAULT NULL,
  `execution_time` int DEFAULT NULL,
  PRIMARY KEY (`version`)
) ENGINE=InnoDB DEFAULT CHARSET=utf8mb3 COLLATE=utf8mb3_unicode_ci;
/*!40101 SET character_set_client = @saved_cs_client */;

--
-- Dumping data for table `doctrine_migration_versions`
--

LOCK TABLES `doctrine_migration_versions` WRITE;
/*!40000 ALTER TABLE `doctrine_migration_versions` DISABLE KEYS */;
INSERT INTO `doctrine_migration_versions` VALUES ('DoctrineMigrations\\Version20250526043313','2025-05-26 04:33:58',37),('DoctrineMigrations\\Version20250526045312','2025-05-26 04:53:23',399),('DoctrineMigrations\\Version20250527092904','2025-05-27 09:29:13',175),('DoctrineMigrations\\Version20250602070434','2025-06-02 07:04:46',364),('DoctrineMigrations\\Version20250602072254','2025-06-02 07:23:03',47),('DoctrineMigrations\\Version20250602080059','2025-06-02 08:01:09',250),('DoctrineMigrations\\Version20250602081820','2025-06-02 08:18:28',140),('DoctrineMigrations\\Version20250602104411','2025-06-02 10:44:19',63),('DoctrineMigrations\\Version20250603085745','2025-06-03 08:57:53',184),('DoctrineMigrations\\Version20250603124409','2025-06-03 12:44:18',111),('DoctrineMigrations\\Version20250603201522','2025-06-03 20:16:28',262),('DoctrineMigrations\\Version20250603205653','2025-06-03 20:57:01',87),('DoctrineMigrations\\Version20250604203954','2025-06-04 20:41:47',165),('DoctrineMigrations\\Version20250606102930','2025-06-06 10:29:37',23),('DoctrineMigrations\\Version20250608202200','2025-06-08 20:22:19',426),('DoctrineMigrations\\Version20250609130323','2025-06-09 13:03:29',44),('DoctrineMigrations\\Version20250609132926','2025-06-09 13:29:31',41),('DoctrineMigrations\\Version20250613125449','2025-06-13 12:54:56',109),('DoctrineMigrations\\Version20250614072520','2025-06-14 07:25:28',855),('DoctrineMigrations\\Version20250614080709','2025-06-14 08:07:16',76);
/*!40000 ALTER TABLE `doctrine_migration_versions` ENABLE KEYS */;
UNLOCK TABLES;

--
-- Table structure for table `employe`
--

DROP TABLE IF EXISTS `employe`;
/*!40101 SET @saved_cs_client     = @@character_set_client */;
/*!50503 SET character_set_client = utf8mb4 */;
CREATE TABLE `employe` (
  `id` int NOT NULL AUTO_INCREMENT,
  `user_id` int NOT NULL,
  `poste` varchar(50) COLLATE utf8mb4_unicode_ci DEFAULT NULL,
  `date_embauche` date DEFAULT NULL,
  `created_at` datetime NOT NULL COMMENT '(DC2Type:datetime_immutable)',
  `updated_at` datetime DEFAULT NULL COMMENT '(DC2Type:datetime_immutable)',
  PRIMARY KEY (`id`),
  KEY `IDX_F804D3B9A76ED395` (`user_id`),
  CONSTRAINT `FK_F804D3B9A76ED395` FOREIGN KEY (`user_id`) REFERENCES `user` (`id`)
) ENGINE=InnoDB AUTO_INCREMENT=5 DEFAULT CHARSET=utf8mb4 COLLATE=utf8mb4_unicode_ci;
/*!40101 SET character_set_client = @saved_cs_client */;

--
-- Dumping data for table `employe`
--

LOCK TABLES `employe` WRITE;
/*!40000 ALTER TABLE `employe` DISABLE KEYS */;
INSERT INTO `employe` VALUES (1,25,'RH','2024-01-01','2025-06-14 06:46:30',NULL),(2,26,'IT','2024-02-02','2025-06-14 06:47:03',NULL),(3,27,'Marketing','2024-03-03','2025-06-14 06:51:33',NULL),(4,28,'Sales','2024-04-04','2025-06-14 07:39:06',NULL);
/*!40000 ALTER TABLE `employe` ENABLE KEYS */;
UNLOCK TABLES;

--
-- Table structure for table `messenger_messages`
--

DROP TABLE IF EXISTS `messenger_messages`;
/*!40101 SET @saved_cs_client     = @@character_set_client */;
/*!50503 SET character_set_client = utf8mb4 */;
CREATE TABLE `messenger_messages` (
  `id` bigint NOT NULL AUTO_INCREMENT,
  `body` longtext COLLATE utf8mb4_unicode_ci NOT NULL,
  `headers` longtext COLLATE utf8mb4_unicode_ci NOT NULL,
  `queue_name` varchar(190) COLLATE utf8mb4_unicode_ci NOT NULL,
  `created_at` datetime NOT NULL COMMENT '(DC2Type:datetime_immutable)',
  `available_at` datetime NOT NULL COMMENT '(DC2Type:datetime_immutable)',
  `delivered_at` datetime DEFAULT NULL COMMENT '(DC2Type:datetime_immutable)',
  PRIMARY KEY (`id`),
  KEY `IDX_75EA56E0FB7336F0` (`queue_name`),
  KEY `IDX_75EA56E0E3BD61CE` (`available_at`),
  KEY `IDX_75EA56E016BA31DB` (`delivered_at`)
) ENGINE=InnoDB AUTO_INCREMENT=16 DEFAULT CHARSET=utf8mb4 COLLATE=utf8mb4_unicode_ci;
/*!40101 SET character_set_client = @saved_cs_client */;

--
-- Dumping data for table `messenger_messages`
--

LOCK TABLES `messenger_messages` WRITE;
/*!40000 ALTER TABLE `messenger_messages` DISABLE KEYS */;
INSERT INTO `messenger_messages` VALUES (2,'O:36:\\\"Symfony\\\\Component\\\\Messenger\\\\Envelope\\\":2:{s:44:\\\"\\0Symfony\\\\Component\\\\Messenger\\\\Envelope\\0stamps\\\";a:1:{s:46:\\\"Symfony\\\\Component\\\\Messenger\\\\Stamp\\\\BusNameStamp\\\";a:1:{i:0;O:46:\\\"Symfony\\\\Component\\\\Messenger\\\\Stamp\\\\BusNameStamp\\\":1:{s:55:\\\"\\0Symfony\\\\Component\\\\Messenger\\\\Stamp\\\\BusNameStamp\\0busName\\\";s:21:\\\"messenger.bus.default\\\";}}}s:45:\\\"\\0Symfony\\\\Component\\\\Messenger\\\\Envelope\\0message\\\";O:51:\\\"Symfony\\\\Component\\\\Mailer\\\\Messenger\\\\SendEmailMessage\\\":2:{s:60:\\\"\\0Symfony\\\\Component\\\\Mailer\\\\Messenger\\\\SendEmailMessage\\0message\\\";O:28:\\\"Symfony\\\\Component\\\\Mime\\\\Email\\\":6:{i:0;N;i:1;N;i:2;s:572:\\\"\n                <p>Bonjour <strong>VH</strong>,</p>\n                <p>Merci pour votre réservation sur EcoRide !</p>\n                <p>Vous participez maintenant au trajet :</p>\n                <ul>\n                    <li><strong>Trajet :</strong> Marseille → Toulouse</li>\n                    <li><strong>Date :</strong> 13/06/2025 00:00</li>\n                    <li><strong>Prix :</strong> 37.05 crédits</li>\n                    <li><strong>Conducteur :</strong> Jimmy</li>\n                </ul>\n                <p>Bon voyage avec EcoRide ! 🌱</p>\n            \\\";i:3;s:5:\\\"utf-8\\\";i:4;a:0:{}i:5;a:2:{i:0;O:37:\\\"Symfony\\\\Component\\\\Mime\\\\Header\\\\Headers\\\":2:{s:46:\\\"\\0Symfony\\\\Component\\\\Mime\\\\Header\\\\Headers\\0headers\\\";a:3:{s:4:\\\"from\\\";a:1:{i:0;O:47:\\\"Symfony\\\\Component\\\\Mime\\\\Header\\\\MailboxListHeader\\\":5:{s:50:\\\"\\0Symfony\\\\Component\\\\Mime\\\\Header\\\\AbstractHeader\\0name\\\";s:4:\\\"From\\\";s:56:\\\"\\0Symfony\\\\Component\\\\Mime\\\\Header\\\\AbstractHeader\\0lineLength\\\";i:76;s:50:\\\"\\0Symfony\\\\Component\\\\Mime\\\\Header\\\\AbstractHeader\\0lang\\\";N;s:53:\\\"\\0Symfony\\\\Component\\\\Mime\\\\Header\\\\AbstractHeader\\0charset\\\";s:5:\\\"utf-8\\\";s:58:\\\"\\0Symfony\\\\Component\\\\Mime\\\\Header\\\\MailboxListHeader\\0addresses\\\";a:1:{i:0;O:30:\\\"Symfony\\\\Component\\\\Mime\\\\Address\\\":2:{s:39:\\\"\\0Symfony\\\\Component\\\\Mime\\\\Address\\0address\\\";s:19:\\\"no-reply@ecoride.fr\\\";s:36:\\\"\\0Symfony\\\\Component\\\\Mime\\\\Address\\0name\\\";s:0:\\\"\\\";}}}}s:2:\\\"to\\\";a:1:{i:0;O:47:\\\"Symfony\\\\Component\\\\Mime\\\\Header\\\\MailboxListHeader\\\":5:{s:50:\\\"\\0Symfony\\\\Component\\\\Mime\\\\Header\\\\AbstractHeader\\0name\\\";s:2:\\\"To\\\";s:56:\\\"\\0Symfony\\\\Component\\\\Mime\\\\Header\\\\AbstractHeader\\0lineLength\\\";i:76;s:50:\\\"\\0Symfony\\\\Component\\\\Mime\\\\Header\\\\AbstractHeader\\0lang\\\";N;s:53:\\\"\\0Symfony\\\\Component\\\\Mime\\\\Header\\\\AbstractHeader\\0charset\\\";s:5:\\\"utf-8\\\";s:58:\\\"\\0Symfony\\\\Component\\\\Mime\\\\Header\\\\MailboxListHeader\\0addresses\\\";a:1:{i:0;O:30:\\\"Symfony\\\\Component\\\\Mime\\\\Address\\\":2:{s:39:\\\"\\0Symfony\\\\Component\\\\Mime\\\\Address\\0address\\\";s:12:\\\"vh@email.com\\\";s:36:\\\"\\0Symfony\\\\Component\\\\Mime\\\\Address\\0name\\\";s:0:\\\"\\\";}}}}s:7:\\\"subject\\\";a:1:{i:0;O:48:\\\"Symfony\\\\Component\\\\Mime\\\\Header\\\\UnstructuredHeader\\\":5:{s:50:\\\"\\0Symfony\\\\Component\\\\Mime\\\\Header\\\\AbstractHeader\\0name\\\";s:7:\\\"Subject\\\";s:56:\\\"\\0Symfony\\\\Component\\\\Mime\\\\Header\\\\AbstractHeader\\0lineLength\\\";i:76;s:50:\\\"\\0Symfony\\\\Component\\\\Mime\\\\Header\\\\AbstractHeader\\0lang\\\";N;s:53:\\\"\\0Symfony\\\\Component\\\\Mime\\\\Header\\\\AbstractHeader\\0charset\\\";s:5:\\\"utf-8\\\";s:55:\\\"\\0Symfony\\\\Component\\\\Mime\\\\Header\\\\UnstructuredHeader\\0value\\\";s:47:\\\"Confirmation de participation au trajet EcoRide\\\";}}}s:49:\\\"\\0Symfony\\\\Component\\\\Mime\\\\Header\\\\Headers\\0lineLength\\\";i:76;}i:1;N;}}s:61:\\\"\\0Symfony\\\\Component\\\\Mailer\\\\Messenger\\\\SendEmailMessage\\0envelope\\\";N;}}','[]','default','2025-06-06 10:26:15','2025-06-06 10:26:15',NULL),(3,'O:36:\\\"Symfony\\\\Component\\\\Messenger\\\\Envelope\\\":2:{s:44:\\\"\\0Symfony\\\\Component\\\\Messenger\\\\Envelope\\0stamps\\\";a:1:{s:46:\\\"Symfony\\\\Component\\\\Messenger\\\\Stamp\\\\BusNameStamp\\\";a:1:{i:0;O:46:\\\"Symfony\\\\Component\\\\Messenger\\\\Stamp\\\\BusNameStamp\\\":1:{s:55:\\\"\\0Symfony\\\\Component\\\\Messenger\\\\Stamp\\\\BusNameStamp\\0busName\\\";s:21:\\\"messenger.bus.default\\\";}}}s:45:\\\"\\0Symfony\\\\Component\\\\Messenger\\\\Envelope\\0message\\\";O:51:\\\"Symfony\\\\Component\\\\Mailer\\\\Messenger\\\\SendEmailMessage\\\":2:{s:60:\\\"\\0Symfony\\\\Component\\\\Mailer\\\\Messenger\\\\SendEmailMessage\\0message\\\";O:28:\\\"Symfony\\\\Component\\\\Mime\\\\Email\\\":6:{i:0;N;i:1;N;i:2;s:565:\\\"\n                <p>Bonjour <strong>Tran</strong>,</p>\n                <p>Merci pour votre réservation sur EcoRide !</p>\n                <p>Vous participez maintenant au trajet :</p>\n                <ul>\n                    <li><strong>Trajet :</strong> Lille → Paris</li>\n                    <li><strong>Date :</strong> 15/06/2025 00:07</li>\n                    <li><strong>Prix :</strong> 5.00 crédits</li>\n                    <li><strong>Conducteur :</strong> Mama</li>\n                </ul>\n                <p>Bon voyage avec EcoRide ! 🌱</p>\n            \\\";i:3;s:5:\\\"utf-8\\\";i:4;a:0:{}i:5;a:2:{i:0;O:37:\\\"Symfony\\\\Component\\\\Mime\\\\Header\\\\Headers\\\":2:{s:46:\\\"\\0Symfony\\\\Component\\\\Mime\\\\Header\\\\Headers\\0headers\\\";a:3:{s:4:\\\"from\\\";a:1:{i:0;O:47:\\\"Symfony\\\\Component\\\\Mime\\\\Header\\\\MailboxListHeader\\\":5:{s:50:\\\"\\0Symfony\\\\Component\\\\Mime\\\\Header\\\\AbstractHeader\\0name\\\";s:4:\\\"From\\\";s:56:\\\"\\0Symfony\\\\Component\\\\Mime\\\\Header\\\\AbstractHeader\\0lineLength\\\";i:76;s:50:\\\"\\0Symfony\\\\Component\\\\Mime\\\\Header\\\\AbstractHeader\\0lang\\\";N;s:53:\\\"\\0Symfony\\\\Component\\\\Mime\\\\Header\\\\AbstractHeader\\0charset\\\";s:5:\\\"utf-8\\\";s:58:\\\"\\0Symfony\\\\Component\\\\Mime\\\\Header\\\\MailboxListHeader\\0addresses\\\";a:1:{i:0;O:30:\\\"Symfony\\\\Component\\\\Mime\\\\Address\\\":2:{s:39:\\\"\\0Symfony\\\\Component\\\\Mime\\\\Address\\0address\\\";s:19:\\\"no-reply@ecoride.fr\\\";s:36:\\\"\\0Symfony\\\\Component\\\\Mime\\\\Address\\0name\\\";s:0:\\\"\\\";}}}}s:2:\\\"to\\\";a:1:{i:0;O:47:\\\"Symfony\\\\Component\\\\Mime\\\\Header\\\\MailboxListHeader\\\":5:{s:50:\\\"\\0Symfony\\\\Component\\\\Mime\\\\Header\\\\AbstractHeader\\0name\\\";s:2:\\\"To\\\";s:56:\\\"\\0Symfony\\\\Component\\\\Mime\\\\Header\\\\AbstractHeader\\0lineLength\\\";i:76;s:50:\\\"\\0Symfony\\\\Component\\\\Mime\\\\Header\\\\AbstractHeader\\0lang\\\";N;s:53:\\\"\\0Symfony\\\\Component\\\\Mime\\\\Header\\\\AbstractHeader\\0charset\\\";s:5:\\\"utf-8\\\";s:58:\\\"\\0Symfony\\\\Component\\\\Mime\\\\Header\\\\MailboxListHeader\\0addresses\\\";a:1:{i:0;O:30:\\\"Symfony\\\\Component\\\\Mime\\\\Address\\\":2:{s:39:\\\"\\0Symfony\\\\Component\\\\Mime\\\\Address\\0address\\\";s:22:\\\"tranletranvn@gmail.com\\\";s:36:\\\"\\0Symfony\\\\Component\\\\Mime\\\\Address\\0name\\\";s:0:\\\"\\\";}}}}s:7:\\\"subject\\\";a:1:{i:0;O:48:\\\"Symfony\\\\Component\\\\Mime\\\\Header\\\\UnstructuredHeader\\\":5:{s:50:\\\"\\0Symfony\\\\Component\\\\Mime\\\\Header\\\\AbstractHeader\\0name\\\";s:7:\\\"Subject\\\";s:56:\\\"\\0Symfony\\\\Component\\\\Mime\\\\Header\\\\AbstractHeader\\0lineLength\\\";i:76;s:50:\\\"\\0Symfony\\\\Component\\\\Mime\\\\Header\\\\AbstractHeader\\0lang\\\";N;s:53:\\\"\\0Symfony\\\\Component\\\\Mime\\\\Header\\\\AbstractHeader\\0charset\\\";s:5:\\\"utf-8\\\";s:55:\\\"\\0Symfony\\\\Component\\\\Mime\\\\Header\\\\UnstructuredHeader\\0value\\\";s:47:\\\"Confirmation de participation au trajet EcoRide\\\";}}}s:49:\\\"\\0Symfony\\\\Component\\\\Mime\\\\Header\\\\Headers\\0lineLength\\\";i:76;}i:1;N;}}s:61:\\\"\\0Symfony\\\\Component\\\\Mailer\\\\Messenger\\\\SendEmailMessage\\0envelope\\\";N;}}','[]','default','2025-06-07 22:22:54','2025-06-07 22:22:54',NULL),(4,'O:36:\\\"Symfony\\\\Component\\\\Messenger\\\\Envelope\\\":2:{s:44:\\\"\\0Symfony\\\\Component\\\\Messenger\\\\Envelope\\0stamps\\\";a:1:{s:46:\\\"Symfony\\\\Component\\\\Messenger\\\\Stamp\\\\BusNameStamp\\\";a:1:{i:0;O:46:\\\"Symfony\\\\Component\\\\Messenger\\\\Stamp\\\\BusNameStamp\\\":1:{s:55:\\\"\\0Symfony\\\\Component\\\\Messenger\\\\Stamp\\\\BusNameStamp\\0busName\\\";s:21:\\\"messenger.bus.default\\\";}}}s:45:\\\"\\0Symfony\\\\Component\\\\Messenger\\\\Envelope\\0message\\\";O:51:\\\"Symfony\\\\Component\\\\Mailer\\\\Messenger\\\\SendEmailMessage\\\":2:{s:60:\\\"\\0Symfony\\\\Component\\\\Mailer\\\\Messenger\\\\SendEmailMessage\\0message\\\";O:28:\\\"Symfony\\\\Component\\\\Mime\\\\Email\\\":6:{i:0;N;i:1;N;i:2;s:568:\\\"\n                <p>Bonjour <strong>Mama</strong>,</p>\n                <p>Merci pour votre réservation sur EcoRide !</p>\n                <p>Vous participez maintenant au trajet :</p>\n                <ul>\n                    <li><strong>Trajet :</strong> Lille → Bordeaux</li>\n                    <li><strong>Date :</strong> 15/06/2025 22:26</li>\n                    <li><strong>Prix :</strong> 5.00 crédits</li>\n                    <li><strong>Conducteur :</strong> Tran</li>\n                </ul>\n                <p>Bon voyage avec EcoRide ! 🌱</p>\n            \\\";i:3;s:5:\\\"utf-8\\\";i:4;a:0:{}i:5;a:2:{i:0;O:37:\\\"Symfony\\\\Component\\\\Mime\\\\Header\\\\Headers\\\":2:{s:46:\\\"\\0Symfony\\\\Component\\\\Mime\\\\Header\\\\Headers\\0headers\\\";a:3:{s:4:\\\"from\\\";a:1:{i:0;O:47:\\\"Symfony\\\\Component\\\\Mime\\\\Header\\\\MailboxListHeader\\\":5:{s:50:\\\"\\0Symfony\\\\Component\\\\Mime\\\\Header\\\\AbstractHeader\\0name\\\";s:4:\\\"From\\\";s:56:\\\"\\0Symfony\\\\Component\\\\Mime\\\\Header\\\\AbstractHeader\\0lineLength\\\";i:76;s:50:\\\"\\0Symfony\\\\Component\\\\Mime\\\\Header\\\\AbstractHeader\\0lang\\\";N;s:53:\\\"\\0Symfony\\\\Component\\\\Mime\\\\Header\\\\AbstractHeader\\0charset\\\";s:5:\\\"utf-8\\\";s:58:\\\"\\0Symfony\\\\Component\\\\Mime\\\\Header\\\\MailboxListHeader\\0addresses\\\";a:1:{i:0;O:30:\\\"Symfony\\\\Component\\\\Mime\\\\Address\\\":2:{s:39:\\\"\\0Symfony\\\\Component\\\\Mime\\\\Address\\0address\\\";s:19:\\\"no-reply@ecoride.fr\\\";s:36:\\\"\\0Symfony\\\\Component\\\\Mime\\\\Address\\0name\\\";s:0:\\\"\\\";}}}}s:2:\\\"to\\\";a:1:{i:0;O:47:\\\"Symfony\\\\Component\\\\Mime\\\\Header\\\\MailboxListHeader\\\":5:{s:50:\\\"\\0Symfony\\\\Component\\\\Mime\\\\Header\\\\AbstractHeader\\0name\\\";s:2:\\\"To\\\";s:56:\\\"\\0Symfony\\\\Component\\\\Mime\\\\Header\\\\AbstractHeader\\0lineLength\\\";i:76;s:50:\\\"\\0Symfony\\\\Component\\\\Mime\\\\Header\\\\AbstractHeader\\0lang\\\";N;s:53:\\\"\\0Symfony\\\\Component\\\\Mime\\\\Header\\\\AbstractHeader\\0charset\\\";s:5:\\\"utf-8\\\";s:58:\\\"\\0Symfony\\\\Component\\\\Mime\\\\Header\\\\MailboxListHeader\\0addresses\\\";a:1:{i:0;O:30:\\\"Symfony\\\\Component\\\\Mime\\\\Address\\\":2:{s:39:\\\"\\0Symfony\\\\Component\\\\Mime\\\\Address\\0address\\\";s:14:\\\"mama@email.com\\\";s:36:\\\"\\0Symfony\\\\Component\\\\Mime\\\\Address\\0name\\\";s:0:\\\"\\\";}}}}s:7:\\\"subject\\\";a:1:{i:0;O:48:\\\"Symfony\\\\Component\\\\Mime\\\\Header\\\\UnstructuredHeader\\\":5:{s:50:\\\"\\0Symfony\\\\Component\\\\Mime\\\\Header\\\\AbstractHeader\\0name\\\";s:7:\\\"Subject\\\";s:56:\\\"\\0Symfony\\\\Component\\\\Mime\\\\Header\\\\AbstractHeader\\0lineLength\\\";i:76;s:50:\\\"\\0Symfony\\\\Component\\\\Mime\\\\Header\\\\AbstractHeader\\0lang\\\";N;s:53:\\\"\\0Symfony\\\\Component\\\\Mime\\\\Header\\\\AbstractHeader\\0charset\\\";s:5:\\\"utf-8\\\";s:55:\\\"\\0Symfony\\\\Component\\\\Mime\\\\Header\\\\UnstructuredHeader\\0value\\\";s:47:\\\"Confirmation de participation au trajet EcoRide\\\";}}}s:49:\\\"\\0Symfony\\\\Component\\\\Mime\\\\Header\\\\Headers\\0lineLength\\\";i:76;}i:1;N;}}s:61:\\\"\\0Symfony\\\\Component\\\\Mailer\\\\Messenger\\\\SendEmailMessage\\0envelope\\\";N;}}','[]','default','2025-06-09 11:43:55','2025-06-09 11:43:55',NULL),(5,'O:36:\\\"Symfony\\\\Component\\\\Messenger\\\\Envelope\\\":2:{s:44:\\\"\\0Symfony\\\\Component\\\\Messenger\\\\Envelope\\0stamps\\\";a:1:{s:46:\\\"Symfony\\\\Component\\\\Messenger\\\\Stamp\\\\BusNameStamp\\\";a:1:{i:0;O:46:\\\"Symfony\\\\Component\\\\Messenger\\\\Stamp\\\\BusNameStamp\\\":1:{s:55:\\\"\\0Symfony\\\\Component\\\\Messenger\\\\Stamp\\\\BusNameStamp\\0busName\\\";s:21:\\\"messenger.bus.default\\\";}}}s:45:\\\"\\0Symfony\\\\Component\\\\Messenger\\\\Envelope\\0message\\\";O:51:\\\"Symfony\\\\Component\\\\Mailer\\\\Messenger\\\\SendEmailMessage\\\":2:{s:60:\\\"\\0Symfony\\\\Component\\\\Mailer\\\\Messenger\\\\SendEmailMessage\\0message\\\";O:28:\\\"Symfony\\\\Component\\\\Mime\\\\Email\\\":6:{i:0;N;i:1;N;i:2;s:567:\\\"\n                <p>Bonjour <strong>Noa</strong>,</p>\n                <p>Merci pour votre réservation sur EcoRide !</p>\n                <p>Vous participez maintenant au trajet :</p>\n                <ul>\n                    <li><strong>Trajet :</strong> Lille → Bordeaux</li>\n                    <li><strong>Date :</strong> 15/06/2025 22:26</li>\n                    <li><strong>Prix :</strong> 5.00 crédits</li>\n                    <li><strong>Conducteur :</strong> Tran</li>\n                </ul>\n                <p>Bon voyage avec EcoRide ! 🌱</p>\n            \\\";i:3;s:5:\\\"utf-8\\\";i:4;a:0:{}i:5;a:2:{i:0;O:37:\\\"Symfony\\\\Component\\\\Mime\\\\Header\\\\Headers\\\":2:{s:46:\\\"\\0Symfony\\\\Component\\\\Mime\\\\Header\\\\Headers\\0headers\\\";a:3:{s:4:\\\"from\\\";a:1:{i:0;O:47:\\\"Symfony\\\\Component\\\\Mime\\\\Header\\\\MailboxListHeader\\\":5:{s:50:\\\"\\0Symfony\\\\Component\\\\Mime\\\\Header\\\\AbstractHeader\\0name\\\";s:4:\\\"From\\\";s:56:\\\"\\0Symfony\\\\Component\\\\Mime\\\\Header\\\\AbstractHeader\\0lineLength\\\";i:76;s:50:\\\"\\0Symfony\\\\Component\\\\Mime\\\\Header\\\\AbstractHeader\\0lang\\\";N;s:53:\\\"\\0Symfony\\\\Component\\\\Mime\\\\Header\\\\AbstractHeader\\0charset\\\";s:5:\\\"utf-8\\\";s:58:\\\"\\0Symfony\\\\Component\\\\Mime\\\\Header\\\\MailboxListHeader\\0addresses\\\";a:1:{i:0;O:30:\\\"Symfony\\\\Component\\\\Mime\\\\Address\\\":2:{s:39:\\\"\\0Symfony\\\\Component\\\\Mime\\\\Address\\0address\\\";s:19:\\\"no-reply@ecoride.fr\\\";s:36:\\\"\\0Symfony\\\\Component\\\\Mime\\\\Address\\0name\\\";s:0:\\\"\\\";}}}}s:2:\\\"to\\\";a:1:{i:0;O:47:\\\"Symfony\\\\Component\\\\Mime\\\\Header\\\\MailboxListHeader\\\":5:{s:50:\\\"\\0Symfony\\\\Component\\\\Mime\\\\Header\\\\AbstractHeader\\0name\\\";s:2:\\\"To\\\";s:56:\\\"\\0Symfony\\\\Component\\\\Mime\\\\Header\\\\AbstractHeader\\0lineLength\\\";i:76;s:50:\\\"\\0Symfony\\\\Component\\\\Mime\\\\Header\\\\AbstractHeader\\0lang\\\";N;s:53:\\\"\\0Symfony\\\\Component\\\\Mime\\\\Header\\\\AbstractHeader\\0charset\\\";s:5:\\\"utf-8\\\";s:58:\\\"\\0Symfony\\\\Component\\\\Mime\\\\Header\\\\MailboxListHeader\\0addresses\\\";a:1:{i:0;O:30:\\\"Symfony\\\\Component\\\\Mime\\\\Address\\\":2:{s:39:\\\"\\0Symfony\\\\Component\\\\Mime\\\\Address\\0address\\\";s:13:\\\"noa@email.com\\\";s:36:\\\"\\0Symfony\\\\Component\\\\Mime\\\\Address\\0name\\\";s:0:\\\"\\\";}}}}s:7:\\\"subject\\\";a:1:{i:0;O:48:\\\"Symfony\\\\Component\\\\Mime\\\\Header\\\\UnstructuredHeader\\\":5:{s:50:\\\"\\0Symfony\\\\Component\\\\Mime\\\\Header\\\\AbstractHeader\\0name\\\";s:7:\\\"Subject\\\";s:56:\\\"\\0Symfony\\\\Component\\\\Mime\\\\Header\\\\AbstractHeader\\0lineLength\\\";i:76;s:50:\\\"\\0Symfony\\\\Component\\\\Mime\\\\Header\\\\AbstractHeader\\0lang\\\";N;s:53:\\\"\\0Symfony\\\\Component\\\\Mime\\\\Header\\\\AbstractHeader\\0charset\\\";s:5:\\\"utf-8\\\";s:55:\\\"\\0Symfony\\\\Component\\\\Mime\\\\Header\\\\UnstructuredHeader\\0value\\\";s:47:\\\"Confirmation de participation au trajet EcoRide\\\";}}}s:49:\\\"\\0Symfony\\\\Component\\\\Mime\\\\Header\\\\Headers\\0lineLength\\\";i:76;}i:1;N;}}s:61:\\\"\\0Symfony\\\\Component\\\\Mailer\\\\Messenger\\\\SendEmailMessage\\0envelope\\\";N;}}','[]','default','2025-06-09 11:56:23','2025-06-09 11:56:23',NULL),(6,'O:36:\\\"Symfony\\\\Component\\\\Messenger\\\\Envelope\\\":2:{s:44:\\\"\\0Symfony\\\\Component\\\\Messenger\\\\Envelope\\0stamps\\\";a:1:{s:46:\\\"Symfony\\\\Component\\\\Messenger\\\\Stamp\\\\BusNameStamp\\\";a:1:{i:0;O:46:\\\"Symfony\\\\Component\\\\Messenger\\\\Stamp\\\\BusNameStamp\\\":1:{s:55:\\\"\\0Symfony\\\\Component\\\\Messenger\\\\Stamp\\\\BusNameStamp\\0busName\\\";s:21:\\\"messenger.bus.default\\\";}}}s:45:\\\"\\0Symfony\\\\Component\\\\Messenger\\\\Envelope\\0message\\\";O:51:\\\"Symfony\\\\Component\\\\Mailer\\\\Messenger\\\\SendEmailMessage\\\":2:{s:60:\\\"\\0Symfony\\\\Component\\\\Mailer\\\\Messenger\\\\SendEmailMessage\\0message\\\";O:28:\\\"Symfony\\\\Component\\\\Mime\\\\Email\\\":6:{i:0;N;i:1;N;i:2;s:567:\\\"\n                <p>Bonjour <strong>Noa</strong>,</p>\n                <p>Merci pour votre réservation sur EcoRide !</p>\n                <p>Vous participez maintenant au trajet :</p>\n                <ul>\n                    <li><strong>Trajet :</strong> Lille → Bordeaux</li>\n                    <li><strong>Date :</strong> 15/06/2025 22:26</li>\n                    <li><strong>Prix :</strong> 5.00 crédits</li>\n                    <li><strong>Conducteur :</strong> Tran</li>\n                </ul>\n                <p>Bon voyage avec EcoRide ! 🌱</p>\n            \\\";i:3;s:5:\\\"utf-8\\\";i:4;a:0:{}i:5;a:2:{i:0;O:37:\\\"Symfony\\\\Component\\\\Mime\\\\Header\\\\Headers\\\":2:{s:46:\\\"\\0Symfony\\\\Component\\\\Mime\\\\Header\\\\Headers\\0headers\\\";a:3:{s:4:\\\"from\\\";a:1:{i:0;O:47:\\\"Symfony\\\\Component\\\\Mime\\\\Header\\\\MailboxListHeader\\\":5:{s:50:\\\"\\0Symfony\\\\Component\\\\Mime\\\\Header\\\\AbstractHeader\\0name\\\";s:4:\\\"From\\\";s:56:\\\"\\0Symfony\\\\Component\\\\Mime\\\\Header\\\\AbstractHeader\\0lineLength\\\";i:76;s:50:\\\"\\0Symfony\\\\Component\\\\Mime\\\\Header\\\\AbstractHeader\\0lang\\\";N;s:53:\\\"\\0Symfony\\\\Component\\\\Mime\\\\Header\\\\AbstractHeader\\0charset\\\";s:5:\\\"utf-8\\\";s:58:\\\"\\0Symfony\\\\Component\\\\Mime\\\\Header\\\\MailboxListHeader\\0addresses\\\";a:1:{i:0;O:30:\\\"Symfony\\\\Component\\\\Mime\\\\Address\\\":2:{s:39:\\\"\\0Symfony\\\\Component\\\\Mime\\\\Address\\0address\\\";s:19:\\\"no-reply@ecoride.fr\\\";s:36:\\\"\\0Symfony\\\\Component\\\\Mime\\\\Address\\0name\\\";s:0:\\\"\\\";}}}}s:2:\\\"to\\\";a:1:{i:0;O:47:\\\"Symfony\\\\Component\\\\Mime\\\\Header\\\\MailboxListHeader\\\":5:{s:50:\\\"\\0Symfony\\\\Component\\\\Mime\\\\Header\\\\AbstractHeader\\0name\\\";s:2:\\\"To\\\";s:56:\\\"\\0Symfony\\\\Component\\\\Mime\\\\Header\\\\AbstractHeader\\0lineLength\\\";i:76;s:50:\\\"\\0Symfony\\\\Component\\\\Mime\\\\Header\\\\AbstractHeader\\0lang\\\";N;s:53:\\\"\\0Symfony\\\\Component\\\\Mime\\\\Header\\\\AbstractHeader\\0charset\\\";s:5:\\\"utf-8\\\";s:58:\\\"\\0Symfony\\\\Component\\\\Mime\\\\Header\\\\MailboxListHeader\\0addresses\\\";a:1:{i:0;O:30:\\\"Symfony\\\\Component\\\\Mime\\\\Address\\\":2:{s:39:\\\"\\0Symfony\\\\Component\\\\Mime\\\\Address\\0address\\\";s:13:\\\"noa@email.com\\\";s:36:\\\"\\0Symfony\\\\Component\\\\Mime\\\\Address\\0name\\\";s:0:\\\"\\\";}}}}s:7:\\\"subject\\\";a:1:{i:0;O:48:\\\"Symfony\\\\Component\\\\Mime\\\\Header\\\\UnstructuredHeader\\\":5:{s:50:\\\"\\0Symfony\\\\Component\\\\Mime\\\\Header\\\\AbstractHeader\\0name\\\";s:7:\\\"Subject\\\";s:56:\\\"\\0Symfony\\\\Component\\\\Mime\\\\Header\\\\AbstractHeader\\0lineLength\\\";i:76;s:50:\\\"\\0Symfony\\\\Component\\\\Mime\\\\Header\\\\AbstractHeader\\0lang\\\";N;s:53:\\\"\\0Symfony\\\\Component\\\\Mime\\\\Header\\\\AbstractHeader\\0charset\\\";s:5:\\\"utf-8\\\";s:55:\\\"\\0Symfony\\\\Component\\\\Mime\\\\Header\\\\UnstructuredHeader\\0value\\\";s:47:\\\"Confirmation de participation au trajet EcoRide\\\";}}}s:49:\\\"\\0Symfony\\\\Component\\\\Mime\\\\Header\\\\Headers\\0lineLength\\\";i:76;}i:1;N;}}s:61:\\\"\\0Symfony\\\\Component\\\\Mailer\\\\Messenger\\\\SendEmailMessage\\0envelope\\\";N;}}','[]','default','2025-06-09 11:56:36','2025-06-09 11:56:36',NULL),(7,'O:36:\\\"Symfony\\\\Component\\\\Messenger\\\\Envelope\\\":2:{s:44:\\\"\\0Symfony\\\\Component\\\\Messenger\\\\Envelope\\0stamps\\\";a:1:{s:46:\\\"Symfony\\\\Component\\\\Messenger\\\\Stamp\\\\BusNameStamp\\\";a:1:{i:0;O:46:\\\"Symfony\\\\Component\\\\Messenger\\\\Stamp\\\\BusNameStamp\\\":1:{s:55:\\\"\\0Symfony\\\\Component\\\\Messenger\\\\Stamp\\\\BusNameStamp\\0busName\\\";s:21:\\\"messenger.bus.default\\\";}}}s:45:\\\"\\0Symfony\\\\Component\\\\Messenger\\\\Envelope\\0message\\\";O:51:\\\"Symfony\\\\Component\\\\Mailer\\\\Messenger\\\\SendEmailMessage\\\":2:{s:60:\\\"\\0Symfony\\\\Component\\\\Mailer\\\\Messenger\\\\SendEmailMessage\\0message\\\";O:28:\\\"Symfony\\\\Component\\\\Mime\\\\Email\\\":6:{i:0;N;i:1;N;i:2;s:567:\\\"\n                <p>Bonjour <strong>Noa</strong>,</p>\n                <p>Merci pour votre réservation sur EcoRide !</p>\n                <p>Vous participez maintenant au trajet :</p>\n                <ul>\n                    <li><strong>Trajet :</strong> Lille → Bordeaux</li>\n                    <li><strong>Date :</strong> 15/06/2025 22:26</li>\n                    <li><strong>Prix :</strong> 5.00 crédits</li>\n                    <li><strong>Conducteur :</strong> Tran</li>\n                </ul>\n                <p>Bon voyage avec EcoRide ! 🌱</p>\n            \\\";i:3;s:5:\\\"utf-8\\\";i:4;a:0:{}i:5;a:2:{i:0;O:37:\\\"Symfony\\\\Component\\\\Mime\\\\Header\\\\Headers\\\":2:{s:46:\\\"\\0Symfony\\\\Component\\\\Mime\\\\Header\\\\Headers\\0headers\\\";a:3:{s:4:\\\"from\\\";a:1:{i:0;O:47:\\\"Symfony\\\\Component\\\\Mime\\\\Header\\\\MailboxListHeader\\\":5:{s:50:\\\"\\0Symfony\\\\Component\\\\Mime\\\\Header\\\\AbstractHeader\\0name\\\";s:4:\\\"From\\\";s:56:\\\"\\0Symfony\\\\Component\\\\Mime\\\\Header\\\\AbstractHeader\\0lineLength\\\";i:76;s:50:\\\"\\0Symfony\\\\Component\\\\Mime\\\\Header\\\\AbstractHeader\\0lang\\\";N;s:53:\\\"\\0Symfony\\\\Component\\\\Mime\\\\Header\\\\AbstractHeader\\0charset\\\";s:5:\\\"utf-8\\\";s:58:\\\"\\0Symfony\\\\Component\\\\Mime\\\\Header\\\\MailboxListHeader\\0addresses\\\";a:1:{i:0;O:30:\\\"Symfony\\\\Component\\\\Mime\\\\Address\\\":2:{s:39:\\\"\\0Symfony\\\\Component\\\\Mime\\\\Address\\0address\\\";s:19:\\\"no-reply@ecoride.fr\\\";s:36:\\\"\\0Symfony\\\\Component\\\\Mime\\\\Address\\0name\\\";s:0:\\\"\\\";}}}}s:2:\\\"to\\\";a:1:{i:0;O:47:\\\"Symfony\\\\Component\\\\Mime\\\\Header\\\\MailboxListHeader\\\":5:{s:50:\\\"\\0Symfony\\\\Component\\\\Mime\\\\Header\\\\AbstractHeader\\0name\\\";s:2:\\\"To\\\";s:56:\\\"\\0Symfony\\\\Component\\\\Mime\\\\Header\\\\AbstractHeader\\0lineLength\\\";i:76;s:50:\\\"\\0Symfony\\\\Component\\\\Mime\\\\Header\\\\AbstractHeader\\0lang\\\";N;s:53:\\\"\\0Symfony\\\\Component\\\\Mime\\\\Header\\\\AbstractHeader\\0charset\\\";s:5:\\\"utf-8\\\";s:58:\\\"\\0Symfony\\\\Component\\\\Mime\\\\Header\\\\MailboxListHeader\\0addresses\\\";a:1:{i:0;O:30:\\\"Symfony\\\\Component\\\\Mime\\\\Address\\\":2:{s:39:\\\"\\0Symfony\\\\Component\\\\Mime\\\\Address\\0address\\\";s:13:\\\"noa@email.com\\\";s:36:\\\"\\0Symfony\\\\Component\\\\Mime\\\\Address\\0name\\\";s:0:\\\"\\\";}}}}s:7:\\\"subject\\\";a:1:{i:0;O:48:\\\"Symfony\\\\Component\\\\Mime\\\\Header\\\\UnstructuredHeader\\\":5:{s:50:\\\"\\0Symfony\\\\Component\\\\Mime\\\\Header\\\\AbstractHeader\\0name\\\";s:7:\\\"Subject\\\";s:56:\\\"\\0Symfony\\\\Component\\\\Mime\\\\Header\\\\AbstractHeader\\0lineLength\\\";i:76;s:50:\\\"\\0Symfony\\\\Component\\\\Mime\\\\Header\\\\AbstractHeader\\0lang\\\";N;s:53:\\\"\\0Symfony\\\\Component\\\\Mime\\\\Header\\\\AbstractHeader\\0charset\\\";s:5:\\\"utf-8\\\";s:55:\\\"\\0Symfony\\\\Component\\\\Mime\\\\Header\\\\UnstructuredHeader\\0value\\\";s:47:\\\"Confirmation de participation au trajet EcoRide\\\";}}}s:49:\\\"\\0Symfony\\\\Component\\\\Mime\\\\Header\\\\Headers\\0lineLength\\\";i:76;}i:1;N;}}s:61:\\\"\\0Symfony\\\\Component\\\\Mailer\\\\Messenger\\\\SendEmailMessage\\0envelope\\\";N;}}','[]','default','2025-06-09 11:58:54','2025-06-09 11:58:54',NULL),(8,'O:36:\\\"Symfony\\\\Component\\\\Messenger\\\\Envelope\\\":2:{s:44:\\\"\\0Symfony\\\\Component\\\\Messenger\\\\Envelope\\0stamps\\\";a:1:{s:46:\\\"Symfony\\\\Component\\\\Messenger\\\\Stamp\\\\BusNameStamp\\\";a:1:{i:0;O:46:\\\"Symfony\\\\Component\\\\Messenger\\\\Stamp\\\\BusNameStamp\\\":1:{s:55:\\\"\\0Symfony\\\\Component\\\\Messenger\\\\Stamp\\\\BusNameStamp\\0busName\\\";s:21:\\\"messenger.bus.default\\\";}}}s:45:\\\"\\0Symfony\\\\Component\\\\Messenger\\\\Envelope\\0message\\\";O:51:\\\"Symfony\\\\Component\\\\Mailer\\\\Messenger\\\\SendEmailMessage\\\":2:{s:60:\\\"\\0Symfony\\\\Component\\\\Mailer\\\\Messenger\\\\SendEmailMessage\\0message\\\";O:28:\\\"Symfony\\\\Component\\\\Mime\\\\Email\\\":6:{i:0;N;i:1;N;i:2;s:567:\\\"\n                <p>Bonjour <strong>Noa</strong>,</p>\n                <p>Merci pour votre réservation sur EcoRide !</p>\n                <p>Vous participez maintenant au trajet :</p>\n                <ul>\n                    <li><strong>Trajet :</strong> Lille → Bordeaux</li>\n                    <li><strong>Date :</strong> 15/06/2025 22:26</li>\n                    <li><strong>Prix :</strong> 5.00 crédits</li>\n                    <li><strong>Conducteur :</strong> Tran</li>\n                </ul>\n                <p>Bon voyage avec EcoRide ! 🌱</p>\n            \\\";i:3;s:5:\\\"utf-8\\\";i:4;a:0:{}i:5;a:2:{i:0;O:37:\\\"Symfony\\\\Component\\\\Mime\\\\Header\\\\Headers\\\":2:{s:46:\\\"\\0Symfony\\\\Component\\\\Mime\\\\Header\\\\Headers\\0headers\\\";a:3:{s:4:\\\"from\\\";a:1:{i:0;O:47:\\\"Symfony\\\\Component\\\\Mime\\\\Header\\\\MailboxListHeader\\\":5:{s:50:\\\"\\0Symfony\\\\Component\\\\Mime\\\\Header\\\\AbstractHeader\\0name\\\";s:4:\\\"From\\\";s:56:\\\"\\0Symfony\\\\Component\\\\Mime\\\\Header\\\\AbstractHeader\\0lineLength\\\";i:76;s:50:\\\"\\0Symfony\\\\Component\\\\Mime\\\\Header\\\\AbstractHeader\\0lang\\\";N;s:53:\\\"\\0Symfony\\\\Component\\\\Mime\\\\Header\\\\AbstractHeader\\0charset\\\";s:5:\\\"utf-8\\\";s:58:\\\"\\0Symfony\\\\Component\\\\Mime\\\\Header\\\\MailboxListHeader\\0addresses\\\";a:1:{i:0;O:30:\\\"Symfony\\\\Component\\\\Mime\\\\Address\\\":2:{s:39:\\\"\\0Symfony\\\\Component\\\\Mime\\\\Address\\0address\\\";s:19:\\\"no-reply@ecoride.fr\\\";s:36:\\\"\\0Symfony\\\\Component\\\\Mime\\\\Address\\0name\\\";s:0:\\\"\\\";}}}}s:2:\\\"to\\\";a:1:{i:0;O:47:\\\"Symfony\\\\Component\\\\Mime\\\\Header\\\\MailboxListHeader\\\":5:{s:50:\\\"\\0Symfony\\\\Component\\\\Mime\\\\Header\\\\AbstractHeader\\0name\\\";s:2:\\\"To\\\";s:56:\\\"\\0Symfony\\\\Component\\\\Mime\\\\Header\\\\AbstractHeader\\0lineLength\\\";i:76;s:50:\\\"\\0Symfony\\\\Component\\\\Mime\\\\Header\\\\AbstractHeader\\0lang\\\";N;s:53:\\\"\\0Symfony\\\\Component\\\\Mime\\\\Header\\\\AbstractHeader\\0charset\\\";s:5:\\\"utf-8\\\";s:58:\\\"\\0Symfony\\\\Component\\\\Mime\\\\Header\\\\MailboxListHeader\\0addresses\\\";a:1:{i:0;O:30:\\\"Symfony\\\\Component\\\\Mime\\\\Address\\\":2:{s:39:\\\"\\0Symfony\\\\Component\\\\Mime\\\\Address\\0address\\\";s:13:\\\"noa@email.com\\\";s:36:\\\"\\0Symfony\\\\Component\\\\Mime\\\\Address\\0name\\\";s:0:\\\"\\\";}}}}s:7:\\\"subject\\\";a:1:{i:0;O:48:\\\"Symfony\\\\Component\\\\Mime\\\\Header\\\\UnstructuredHeader\\\":5:{s:50:\\\"\\0Symfony\\\\Component\\\\Mime\\\\Header\\\\AbstractHeader\\0name\\\";s:7:\\\"Subject\\\";s:56:\\\"\\0Symfony\\\\Component\\\\Mime\\\\Header\\\\AbstractHeader\\0lineLength\\\";i:76;s:50:\\\"\\0Symfony\\\\Component\\\\Mime\\\\Header\\\\AbstractHeader\\0lang\\\";N;s:53:\\\"\\0Symfony\\\\Component\\\\Mime\\\\Header\\\\AbstractHeader\\0charset\\\";s:5:\\\"utf-8\\\";s:55:\\\"\\0Symfony\\\\Component\\\\Mime\\\\Header\\\\UnstructuredHeader\\0value\\\";s:47:\\\"Confirmation de participation au trajet EcoRide\\\";}}}s:49:\\\"\\0Symfony\\\\Component\\\\Mime\\\\Header\\\\Headers\\0lineLength\\\";i:76;}i:1;N;}}s:61:\\\"\\0Symfony\\\\Component\\\\Mailer\\\\Messenger\\\\SendEmailMessage\\0envelope\\\";N;}}','[]','default','2025-06-09 12:05:45','2025-06-09 12:05:45',NULL),(9,'O:36:\\\"Symfony\\\\Component\\\\Messenger\\\\Envelope\\\":2:{s:44:\\\"\\0Symfony\\\\Component\\\\Messenger\\\\Envelope\\0stamps\\\";a:1:{s:46:\\\"Symfony\\\\Component\\\\Messenger\\\\Stamp\\\\BusNameStamp\\\";a:1:{i:0;O:46:\\\"Symfony\\\\Component\\\\Messenger\\\\Stamp\\\\BusNameStamp\\\":1:{s:55:\\\"\\0Symfony\\\\Component\\\\Messenger\\\\Stamp\\\\BusNameStamp\\0busName\\\";s:21:\\\"messenger.bus.default\\\";}}}s:45:\\\"\\0Symfony\\\\Component\\\\Messenger\\\\Envelope\\0message\\\";O:51:\\\"Symfony\\\\Component\\\\Mailer\\\\Messenger\\\\SendEmailMessage\\\":2:{s:60:\\\"\\0Symfony\\\\Component\\\\Mailer\\\\Messenger\\\\SendEmailMessage\\0message\\\";O:28:\\\"Symfony\\\\Component\\\\Mime\\\\Email\\\":6:{i:0;N;i:1;N;i:2;s:569:\\\"\n                <p>Bonjour <strong>Mama</strong>,</p>\n                <p>Merci pour votre réservation sur EcoRide !</p>\n                <p>Vous participez maintenant au trajet :</p>\n                <ul>\n                    <li><strong>Trajet :</strong> Toulouse → Lille</li>\n                    <li><strong>Date :</strong> 09/06/2025 11:17</li>\n                    <li><strong>Prix :</strong> 25.00 crédits</li>\n                    <li><strong>Conducteur :</strong> Mama</li>\n                </ul>\n                <p>Bon voyage avec EcoRide ! 🌱</p>\n            \\\";i:3;s:5:\\\"utf-8\\\";i:4;a:0:{}i:5;a:2:{i:0;O:37:\\\"Symfony\\\\Component\\\\Mime\\\\Header\\\\Headers\\\":2:{s:46:\\\"\\0Symfony\\\\Component\\\\Mime\\\\Header\\\\Headers\\0headers\\\";a:3:{s:4:\\\"from\\\";a:1:{i:0;O:47:\\\"Symfony\\\\Component\\\\Mime\\\\Header\\\\MailboxListHeader\\\":5:{s:50:\\\"\\0Symfony\\\\Component\\\\Mime\\\\Header\\\\AbstractHeader\\0name\\\";s:4:\\\"From\\\";s:56:\\\"\\0Symfony\\\\Component\\\\Mime\\\\Header\\\\AbstractHeader\\0lineLength\\\";i:76;s:50:\\\"\\0Symfony\\\\Component\\\\Mime\\\\Header\\\\AbstractHeader\\0lang\\\";N;s:53:\\\"\\0Symfony\\\\Component\\\\Mime\\\\Header\\\\AbstractHeader\\0charset\\\";s:5:\\\"utf-8\\\";s:58:\\\"\\0Symfony\\\\Component\\\\Mime\\\\Header\\\\MailboxListHeader\\0addresses\\\";a:1:{i:0;O:30:\\\"Symfony\\\\Component\\\\Mime\\\\Address\\\":2:{s:39:\\\"\\0Symfony\\\\Component\\\\Mime\\\\Address\\0address\\\";s:19:\\\"no-reply@ecoride.fr\\\";s:36:\\\"\\0Symfony\\\\Component\\\\Mime\\\\Address\\0name\\\";s:0:\\\"\\\";}}}}s:2:\\\"to\\\";a:1:{i:0;O:47:\\\"Symfony\\\\Component\\\\Mime\\\\Header\\\\MailboxListHeader\\\":5:{s:50:\\\"\\0Symfony\\\\Component\\\\Mime\\\\Header\\\\AbstractHeader\\0name\\\";s:2:\\\"To\\\";s:56:\\\"\\0Symfony\\\\Component\\\\Mime\\\\Header\\\\AbstractHeader\\0lineLength\\\";i:76;s:50:\\\"\\0Symfony\\\\Component\\\\Mime\\\\Header\\\\AbstractHeader\\0lang\\\";N;s:53:\\\"\\0Symfony\\\\Component\\\\Mime\\\\Header\\\\AbstractHeader\\0charset\\\";s:5:\\\"utf-8\\\";s:58:\\\"\\0Symfony\\\\Component\\\\Mime\\\\Header\\\\MailboxListHeader\\0addresses\\\";a:1:{i:0;O:30:\\\"Symfony\\\\Component\\\\Mime\\\\Address\\\":2:{s:39:\\\"\\0Symfony\\\\Component\\\\Mime\\\\Address\\0address\\\";s:14:\\\"mama@email.com\\\";s:36:\\\"\\0Symfony\\\\Component\\\\Mime\\\\Address\\0name\\\";s:0:\\\"\\\";}}}}s:7:\\\"subject\\\";a:1:{i:0;O:48:\\\"Symfony\\\\Component\\\\Mime\\\\Header\\\\UnstructuredHeader\\\":5:{s:50:\\\"\\0Symfony\\\\Component\\\\Mime\\\\Header\\\\AbstractHeader\\0name\\\";s:7:\\\"Subject\\\";s:56:\\\"\\0Symfony\\\\Component\\\\Mime\\\\Header\\\\AbstractHeader\\0lineLength\\\";i:76;s:50:\\\"\\0Symfony\\\\Component\\\\Mime\\\\Header\\\\AbstractHeader\\0lang\\\";N;s:53:\\\"\\0Symfony\\\\Component\\\\Mime\\\\Header\\\\AbstractHeader\\0charset\\\";s:5:\\\"utf-8\\\";s:55:\\\"\\0Symfony\\\\Component\\\\Mime\\\\Header\\\\UnstructuredHeader\\0value\\\";s:47:\\\"Confirmation de participation au trajet EcoRide\\\";}}}s:49:\\\"\\0Symfony\\\\Component\\\\Mime\\\\Header\\\\Headers\\0lineLength\\\";i:76;}i:1;N;}}s:61:\\\"\\0Symfony\\\\Component\\\\Mailer\\\\Messenger\\\\SendEmailMessage\\0envelope\\\";N;}}','[]','default','2025-06-09 12:54:33','2025-06-09 12:54:33',NULL),(10,'O:36:\\\"Symfony\\\\Component\\\\Messenger\\\\Envelope\\\":2:{s:44:\\\"\\0Symfony\\\\Component\\\\Messenger\\\\Envelope\\0stamps\\\";a:1:{s:46:\\\"Symfony\\\\Component\\\\Messenger\\\\Stamp\\\\BusNameStamp\\\";a:1:{i:0;O:46:\\\"Symfony\\\\Component\\\\Messenger\\\\Stamp\\\\BusNameStamp\\\":1:{s:55:\\\"\\0Symfony\\\\Component\\\\Messenger\\\\Stamp\\\\BusNameStamp\\0busName\\\";s:21:\\\"messenger.bus.default\\\";}}}s:45:\\\"\\0Symfony\\\\Component\\\\Messenger\\\\Envelope\\0message\\\";O:51:\\\"Symfony\\\\Component\\\\Mailer\\\\Messenger\\\\SendEmailMessage\\\":2:{s:60:\\\"\\0Symfony\\\\Component\\\\Mailer\\\\Messenger\\\\SendEmailMessage\\0message\\\";O:28:\\\"Symfony\\\\Component\\\\Mime\\\\Email\\\":6:{i:0;N;i:1;N;i:2;s:564:\\\"\n                <p>Bonjour <strong>Mama</strong>,</p>\n                <p>Merci pour votre réservation sur EcoRide !</p>\n                <p>Vous participez maintenant au trajet :</p>\n                <ul>\n                    <li><strong>Trajet :</strong> Lyon → Nice</li>\n                    <li><strong>Date :</strong> 01/07/2025 12:08</li>\n                    <li><strong>Prix :</strong> 10.00 crédits</li>\n                    <li><strong>Conducteur :</strong> Mama</li>\n                </ul>\n                <p>Bon voyage avec EcoRide ! 🌱</p>\n            \\\";i:3;s:5:\\\"utf-8\\\";i:4;a:0:{}i:5;a:2:{i:0;O:37:\\\"Symfony\\\\Component\\\\Mime\\\\Header\\\\Headers\\\":2:{s:46:\\\"\\0Symfony\\\\Component\\\\Mime\\\\Header\\\\Headers\\0headers\\\";a:3:{s:4:\\\"from\\\";a:1:{i:0;O:47:\\\"Symfony\\\\Component\\\\Mime\\\\Header\\\\MailboxListHeader\\\":5:{s:50:\\\"\\0Symfony\\\\Component\\\\Mime\\\\Header\\\\AbstractHeader\\0name\\\";s:4:\\\"From\\\";s:56:\\\"\\0Symfony\\\\Component\\\\Mime\\\\Header\\\\AbstractHeader\\0lineLength\\\";i:76;s:50:\\\"\\0Symfony\\\\Component\\\\Mime\\\\Header\\\\AbstractHeader\\0lang\\\";N;s:53:\\\"\\0Symfony\\\\Component\\\\Mime\\\\Header\\\\AbstractHeader\\0charset\\\";s:5:\\\"utf-8\\\";s:58:\\\"\\0Symfony\\\\Component\\\\Mime\\\\Header\\\\MailboxListHeader\\0addresses\\\";a:1:{i:0;O:30:\\\"Symfony\\\\Component\\\\Mime\\\\Address\\\":2:{s:39:\\\"\\0Symfony\\\\Component\\\\Mime\\\\Address\\0address\\\";s:19:\\\"no-reply@ecoride.fr\\\";s:36:\\\"\\0Symfony\\\\Component\\\\Mime\\\\Address\\0name\\\";s:0:\\\"\\\";}}}}s:2:\\\"to\\\";a:1:{i:0;O:47:\\\"Symfony\\\\Component\\\\Mime\\\\Header\\\\MailboxListHeader\\\":5:{s:50:\\\"\\0Symfony\\\\Component\\\\Mime\\\\Header\\\\AbstractHeader\\0name\\\";s:2:\\\"To\\\";s:56:\\\"\\0Symfony\\\\Component\\\\Mime\\\\Header\\\\AbstractHeader\\0lineLength\\\";i:76;s:50:\\\"\\0Symfony\\\\Component\\\\Mime\\\\Header\\\\AbstractHeader\\0lang\\\";N;s:53:\\\"\\0Symfony\\\\Component\\\\Mime\\\\Header\\\\AbstractHeader\\0charset\\\";s:5:\\\"utf-8\\\";s:58:\\\"\\0Symfony\\\\Component\\\\Mime\\\\Header\\\\MailboxListHeader\\0addresses\\\";a:1:{i:0;O:30:\\\"Symfony\\\\Component\\\\Mime\\\\Address\\\":2:{s:39:\\\"\\0Symfony\\\\Component\\\\Mime\\\\Address\\0address\\\";s:14:\\\"mama@email.com\\\";s:36:\\\"\\0Symfony\\\\Component\\\\Mime\\\\Address\\0name\\\";s:0:\\\"\\\";}}}}s:7:\\\"subject\\\";a:1:{i:0;O:48:\\\"Symfony\\\\Component\\\\Mime\\\\Header\\\\UnstructuredHeader\\\":5:{s:50:\\\"\\0Symfony\\\\Component\\\\Mime\\\\Header\\\\AbstractHeader\\0name\\\";s:7:\\\"Subject\\\";s:56:\\\"\\0Symfony\\\\Component\\\\Mime\\\\Header\\\\AbstractHeader\\0lineLength\\\";i:76;s:50:\\\"\\0Symfony\\\\Component\\\\Mime\\\\Header\\\\AbstractHeader\\0lang\\\";N;s:53:\\\"\\0Symfony\\\\Component\\\\Mime\\\\Header\\\\AbstractHeader\\0charset\\\";s:5:\\\"utf-8\\\";s:55:\\\"\\0Symfony\\\\Component\\\\Mime\\\\Header\\\\UnstructuredHeader\\0value\\\";s:47:\\\"Confirmation de participation au trajet EcoRide\\\";}}}s:49:\\\"\\0Symfony\\\\Component\\\\Mime\\\\Header\\\\Headers\\0lineLength\\\";i:76;}i:1;N;}}s:61:\\\"\\0Symfony\\\\Component\\\\Mailer\\\\Messenger\\\\SendEmailMessage\\0envelope\\\";N;}}','[]','default','2025-06-09 12:55:42','2025-06-09 12:55:42',NULL),(11,'O:36:\\\"Symfony\\\\Component\\\\Messenger\\\\Envelope\\\":2:{s:44:\\\"\\0Symfony\\\\Component\\\\Messenger\\\\Envelope\\0stamps\\\";a:1:{s:46:\\\"Symfony\\\\Component\\\\Messenger\\\\Stamp\\\\BusNameStamp\\\";a:1:{i:0;O:46:\\\"Symfony\\\\Component\\\\Messenger\\\\Stamp\\\\BusNameStamp\\\":1:{s:55:\\\"\\0Symfony\\\\Component\\\\Messenger\\\\Stamp\\\\BusNameStamp\\0busName\\\";s:21:\\\"messenger.bus.default\\\";}}}s:45:\\\"\\0Symfony\\\\Component\\\\Messenger\\\\Envelope\\0message\\\";O:51:\\\"Symfony\\\\Component\\\\Mailer\\\\Messenger\\\\SendEmailMessage\\\":2:{s:60:\\\"\\0Symfony\\\\Component\\\\Mailer\\\\Messenger\\\\SendEmailMessage\\0message\\\";O:28:\\\"Symfony\\\\Component\\\\Mime\\\\Email\\\":6:{i:0;N;i:1;N;i:2;s:564:\\\"\n                <p>Bonjour <strong>Mama</strong>,</p>\n                <p>Merci pour votre réservation sur EcoRide !</p>\n                <p>Vous participez maintenant au trajet :</p>\n                <ul>\n                    <li><strong>Trajet :</strong> Lyon → Nice</li>\n                    <li><strong>Date :</strong> 01/07/2025 12:08</li>\n                    <li><strong>Prix :</strong> 10.00 crédits</li>\n                    <li><strong>Conducteur :</strong> Mama</li>\n                </ul>\n                <p>Bon voyage avec EcoRide ! 🌱</p>\n            \\\";i:3;s:5:\\\"utf-8\\\";i:4;a:0:{}i:5;a:2:{i:0;O:37:\\\"Symfony\\\\Component\\\\Mime\\\\Header\\\\Headers\\\":2:{s:46:\\\"\\0Symfony\\\\Component\\\\Mime\\\\Header\\\\Headers\\0headers\\\";a:3:{s:4:\\\"from\\\";a:1:{i:0;O:47:\\\"Symfony\\\\Component\\\\Mime\\\\Header\\\\MailboxListHeader\\\":5:{s:50:\\\"\\0Symfony\\\\Component\\\\Mime\\\\Header\\\\AbstractHeader\\0name\\\";s:4:\\\"From\\\";s:56:\\\"\\0Symfony\\\\Component\\\\Mime\\\\Header\\\\AbstractHeader\\0lineLength\\\";i:76;s:50:\\\"\\0Symfony\\\\Component\\\\Mime\\\\Header\\\\AbstractHeader\\0lang\\\";N;s:53:\\\"\\0Symfony\\\\Component\\\\Mime\\\\Header\\\\AbstractHeader\\0charset\\\";s:5:\\\"utf-8\\\";s:58:\\\"\\0Symfony\\\\Component\\\\Mime\\\\Header\\\\MailboxListHeader\\0addresses\\\";a:1:{i:0;O:30:\\\"Symfony\\\\Component\\\\Mime\\\\Address\\\":2:{s:39:\\\"\\0Symfony\\\\Component\\\\Mime\\\\Address\\0address\\\";s:19:\\\"no-reply@ecoride.fr\\\";s:36:\\\"\\0Symfony\\\\Component\\\\Mime\\\\Address\\0name\\\";s:0:\\\"\\\";}}}}s:2:\\\"to\\\";a:1:{i:0;O:47:\\\"Symfony\\\\Component\\\\Mime\\\\Header\\\\MailboxListHeader\\\":5:{s:50:\\\"\\0Symfony\\\\Component\\\\Mime\\\\Header\\\\AbstractHeader\\0name\\\";s:2:\\\"To\\\";s:56:\\\"\\0Symfony\\\\Component\\\\Mime\\\\Header\\\\AbstractHeader\\0lineLength\\\";i:76;s:50:\\\"\\0Symfony\\\\Component\\\\Mime\\\\Header\\\\AbstractHeader\\0lang\\\";N;s:53:\\\"\\0Symfony\\\\Component\\\\Mime\\\\Header\\\\AbstractHeader\\0charset\\\";s:5:\\\"utf-8\\\";s:58:\\\"\\0Symfony\\\\Component\\\\Mime\\\\Header\\\\MailboxListHeader\\0addresses\\\";a:1:{i:0;O:30:\\\"Symfony\\\\Component\\\\Mime\\\\Address\\\":2:{s:39:\\\"\\0Symfony\\\\Component\\\\Mime\\\\Address\\0address\\\";s:14:\\\"mama@email.com\\\";s:36:\\\"\\0Symfony\\\\Component\\\\Mime\\\\Address\\0name\\\";s:0:\\\"\\\";}}}}s:7:\\\"subject\\\";a:1:{i:0;O:48:\\\"Symfony\\\\Component\\\\Mime\\\\Header\\\\UnstructuredHeader\\\":5:{s:50:\\\"\\0Symfony\\\\Component\\\\Mime\\\\Header\\\\AbstractHeader\\0name\\\";s:7:\\\"Subject\\\";s:56:\\\"\\0Symfony\\\\Component\\\\Mime\\\\Header\\\\AbstractHeader\\0lineLength\\\";i:76;s:50:\\\"\\0Symfony\\\\Component\\\\Mime\\\\Header\\\\AbstractHeader\\0lang\\\";N;s:53:\\\"\\0Symfony\\\\Component\\\\Mime\\\\Header\\\\AbstractHeader\\0charset\\\";s:5:\\\"utf-8\\\";s:55:\\\"\\0Symfony\\\\Component\\\\Mime\\\\Header\\\\UnstructuredHeader\\0value\\\";s:47:\\\"Confirmation de participation au trajet EcoRide\\\";}}}s:49:\\\"\\0Symfony\\\\Component\\\\Mime\\\\Header\\\\Headers\\0lineLength\\\";i:76;}i:1;N;}}s:61:\\\"\\0Symfony\\\\Component\\\\Mailer\\\\Messenger\\\\SendEmailMessage\\0envelope\\\";N;}}','[]','default','2025-06-09 12:56:19','2025-06-09 12:56:19',NULL),(12,'O:36:\\\"Symfony\\\\Component\\\\Messenger\\\\Envelope\\\":2:{s:44:\\\"\\0Symfony\\\\Component\\\\Messenger\\\\Envelope\\0stamps\\\";a:1:{s:46:\\\"Symfony\\\\Component\\\\Messenger\\\\Stamp\\\\BusNameStamp\\\";a:1:{i:0;O:46:\\\"Symfony\\\\Component\\\\Messenger\\\\Stamp\\\\BusNameStamp\\\":1:{s:55:\\\"\\0Symfony\\\\Component\\\\Messenger\\\\Stamp\\\\BusNameStamp\\0busName\\\";s:21:\\\"messenger.bus.default\\\";}}}s:45:\\\"\\0Symfony\\\\Component\\\\Messenger\\\\Envelope\\0message\\\";O:51:\\\"Symfony\\\\Component\\\\Mailer\\\\Messenger\\\\SendEmailMessage\\\":2:{s:60:\\\"\\0Symfony\\\\Component\\\\Mailer\\\\Messenger\\\\SendEmailMessage\\0message\\\";O:28:\\\"Symfony\\\\Component\\\\Mime\\\\Email\\\":6:{i:0;N;i:1;N;i:2;s:564:\\\"\n                <p>Bonjour <strong>Mama</strong>,</p>\n                <p>Merci pour votre réservation sur EcoRide !</p>\n                <p>Vous participez maintenant au trajet :</p>\n                <ul>\n                    <li><strong>Trajet :</strong> Lyon → Nice</li>\n                    <li><strong>Date :</strong> 01/07/2025 12:08</li>\n                    <li><strong>Prix :</strong> 10.00 crédits</li>\n                    <li><strong>Conducteur :</strong> Mama</li>\n                </ul>\n                <p>Bon voyage avec EcoRide ! 🌱</p>\n            \\\";i:3;s:5:\\\"utf-8\\\";i:4;a:0:{}i:5;a:2:{i:0;O:37:\\\"Symfony\\\\Component\\\\Mime\\\\Header\\\\Headers\\\":2:{s:46:\\\"\\0Symfony\\\\Component\\\\Mime\\\\Header\\\\Headers\\0headers\\\";a:3:{s:4:\\\"from\\\";a:1:{i:0;O:47:\\\"Symfony\\\\Component\\\\Mime\\\\Header\\\\MailboxListHeader\\\":5:{s:50:\\\"\\0Symfony\\\\Component\\\\Mime\\\\Header\\\\AbstractHeader\\0name\\\";s:4:\\\"From\\\";s:56:\\\"\\0Symfony\\\\Component\\\\Mime\\\\Header\\\\AbstractHeader\\0lineLength\\\";i:76;s:50:\\\"\\0Symfony\\\\Component\\\\Mime\\\\Header\\\\AbstractHeader\\0lang\\\";N;s:53:\\\"\\0Symfony\\\\Component\\\\Mime\\\\Header\\\\AbstractHeader\\0charset\\\";s:5:\\\"utf-8\\\";s:58:\\\"\\0Symfony\\\\Component\\\\Mime\\\\Header\\\\MailboxListHeader\\0addresses\\\";a:1:{i:0;O:30:\\\"Symfony\\\\Component\\\\Mime\\\\Address\\\":2:{s:39:\\\"\\0Symfony\\\\Component\\\\Mime\\\\Address\\0address\\\";s:19:\\\"no-reply@ecoride.fr\\\";s:36:\\\"\\0Symfony\\\\Component\\\\Mime\\\\Address\\0name\\\";s:0:\\\"\\\";}}}}s:2:\\\"to\\\";a:1:{i:0;O:47:\\\"Symfony\\\\Component\\\\Mime\\\\Header\\\\MailboxListHeader\\\":5:{s:50:\\\"\\0Symfony\\\\Component\\\\Mime\\\\Header\\\\AbstractHeader\\0name\\\";s:2:\\\"To\\\";s:56:\\\"\\0Symfony\\\\Component\\\\Mime\\\\Header\\\\AbstractHeader\\0lineLength\\\";i:76;s:50:\\\"\\0Symfony\\\\Component\\\\Mime\\\\Header\\\\AbstractHeader\\0lang\\\";N;s:53:\\\"\\0Symfony\\\\Component\\\\Mime\\\\Header\\\\AbstractHeader\\0charset\\\";s:5:\\\"utf-8\\\";s:58:\\\"\\0Symfony\\\\Component\\\\Mime\\\\Header\\\\MailboxListHeader\\0addresses\\\";a:1:{i:0;O:30:\\\"Symfony\\\\Component\\\\Mime\\\\Address\\\":2:{s:39:\\\"\\0Symfony\\\\Component\\\\Mime\\\\Address\\0address\\\";s:14:\\\"mama@email.com\\\";s:36:\\\"\\0Symfony\\\\Component\\\\Mime\\\\Address\\0name\\\";s:0:\\\"\\\";}}}}s:7:\\\"subject\\\";a:1:{i:0;O:48:\\\"Symfony\\\\Component\\\\Mime\\\\Header\\\\UnstructuredHeader\\\":5:{s:50:\\\"\\0Symfony\\\\Component\\\\Mime\\\\Header\\\\AbstractHeader\\0name\\\";s:7:\\\"Subject\\\";s:56:\\\"\\0Symfony\\\\Component\\\\Mime\\\\Header\\\\AbstractHeader\\0lineLength\\\";i:76;s:50:\\\"\\0Symfony\\\\Component\\\\Mime\\\\Header\\\\AbstractHeader\\0lang\\\";N;s:53:\\\"\\0Symfony\\\\Component\\\\Mime\\\\Header\\\\AbstractHeader\\0charset\\\";s:5:\\\"utf-8\\\";s:55:\\\"\\0Symfony\\\\Component\\\\Mime\\\\Header\\\\UnstructuredHeader\\0value\\\";s:47:\\\"Confirmation de participation au trajet EcoRide\\\";}}}s:49:\\\"\\0Symfony\\\\Component\\\\Mime\\\\Header\\\\Headers\\0lineLength\\\";i:76;}i:1;N;}}s:61:\\\"\\0Symfony\\\\Component\\\\Mailer\\\\Messenger\\\\SendEmailMessage\\0envelope\\\";N;}}','[]','default','2025-06-09 13:33:47','2025-06-09 13:33:47',NULL),(13,'O:36:\\\"Symfony\\\\Component\\\\Messenger\\\\Envelope\\\":2:{s:44:\\\"\\0Symfony\\\\Component\\\\Messenger\\\\Envelope\\0stamps\\\";a:1:{s:46:\\\"Symfony\\\\Component\\\\Messenger\\\\Stamp\\\\BusNameStamp\\\";a:1:{i:0;O:46:\\\"Symfony\\\\Component\\\\Messenger\\\\Stamp\\\\BusNameStamp\\\":1:{s:55:\\\"\\0Symfony\\\\Component\\\\Messenger\\\\Stamp\\\\BusNameStamp\\0busName\\\";s:21:\\\"messenger.bus.default\\\";}}}s:45:\\\"\\0Symfony\\\\Component\\\\Messenger\\\\Envelope\\0message\\\";O:51:\\\"Symfony\\\\Component\\\\Mailer\\\\Messenger\\\\SendEmailMessage\\\":2:{s:60:\\\"\\0Symfony\\\\Component\\\\Mailer\\\\Messenger\\\\SendEmailMessage\\0message\\\";O:28:\\\"Symfony\\\\Component\\\\Mime\\\\Email\\\":6:{i:0;N;i:1;N;i:2;s:564:\\\"\n                <p>Bonjour <strong>Mama</strong>,</p>\n                <p>Merci pour votre réservation sur EcoRide !</p>\n                <p>Vous participez maintenant au trajet :</p>\n                <ul>\n                    <li><strong>Trajet :</strong> Lyon → Nice</li>\n                    <li><strong>Date :</strong> 01/07/2025 12:08</li>\n                    <li><strong>Prix :</strong> 10.00 crédits</li>\n                    <li><strong>Conducteur :</strong> Mama</li>\n                </ul>\n                <p>Bon voyage avec EcoRide ! 🌱</p>\n            \\\";i:3;s:5:\\\"utf-8\\\";i:4;a:0:{}i:5;a:2:{i:0;O:37:\\\"Symfony\\\\Component\\\\Mime\\\\Header\\\\Headers\\\":2:{s:46:\\\"\\0Symfony\\\\Component\\\\Mime\\\\Header\\\\Headers\\0headers\\\";a:3:{s:4:\\\"from\\\";a:1:{i:0;O:47:\\\"Symfony\\\\Component\\\\Mime\\\\Header\\\\MailboxListHeader\\\":5:{s:50:\\\"\\0Symfony\\\\Component\\\\Mime\\\\Header\\\\AbstractHeader\\0name\\\";s:4:\\\"From\\\";s:56:\\\"\\0Symfony\\\\Component\\\\Mime\\\\Header\\\\AbstractHeader\\0lineLength\\\";i:76;s:50:\\\"\\0Symfony\\\\Component\\\\Mime\\\\Header\\\\AbstractHeader\\0lang\\\";N;s:53:\\\"\\0Symfony\\\\Component\\\\Mime\\\\Header\\\\AbstractHeader\\0charset\\\";s:5:\\\"utf-8\\\";s:58:\\\"\\0Symfony\\\\Component\\\\Mime\\\\Header\\\\MailboxListHeader\\0addresses\\\";a:1:{i:0;O:30:\\\"Symfony\\\\Component\\\\Mime\\\\Address\\\":2:{s:39:\\\"\\0Symfony\\\\Component\\\\Mime\\\\Address\\0address\\\";s:19:\\\"no-reply@ecoride.fr\\\";s:36:\\\"\\0Symfony\\\\Component\\\\Mime\\\\Address\\0name\\\";s:0:\\\"\\\";}}}}s:2:\\\"to\\\";a:1:{i:0;O:47:\\\"Symfony\\\\Component\\\\Mime\\\\Header\\\\MailboxListHeader\\\":5:{s:50:\\\"\\0Symfony\\\\Component\\\\Mime\\\\Header\\\\AbstractHeader\\0name\\\";s:2:\\\"To\\\";s:56:\\\"\\0Symfony\\\\Component\\\\Mime\\\\Header\\\\AbstractHeader\\0lineLength\\\";i:76;s:50:\\\"\\0Symfony\\\\Component\\\\Mime\\\\Header\\\\AbstractHeader\\0lang\\\";N;s:53:\\\"\\0Symfony\\\\Component\\\\Mime\\\\Header\\\\AbstractHeader\\0charset\\\";s:5:\\\"utf-8\\\";s:58:\\\"\\0Symfony\\\\Component\\\\Mime\\\\Header\\\\MailboxListHeader\\0addresses\\\";a:1:{i:0;O:30:\\\"Symfony\\\\Component\\\\Mime\\\\Address\\\":2:{s:39:\\\"\\0Symfony\\\\Component\\\\Mime\\\\Address\\0address\\\";s:14:\\\"mama@email.com\\\";s:36:\\\"\\0Symfony\\\\Component\\\\Mime\\\\Address\\0name\\\";s:0:\\\"\\\";}}}}s:7:\\\"subject\\\";a:1:{i:0;O:48:\\\"Symfony\\\\Component\\\\Mime\\\\Header\\\\UnstructuredHeader\\\":5:{s:50:\\\"\\0Symfony\\\\Component\\\\Mime\\\\Header\\\\AbstractHeader\\0name\\\";s:7:\\\"Subject\\\";s:56:\\\"\\0Symfony\\\\Component\\\\Mime\\\\Header\\\\AbstractHeader\\0lineLength\\\";i:76;s:50:\\\"\\0Symfony\\\\Component\\\\Mime\\\\Header\\\\AbstractHeader\\0lang\\\";N;s:53:\\\"\\0Symfony\\\\Component\\\\Mime\\\\Header\\\\AbstractHeader\\0charset\\\";s:5:\\\"utf-8\\\";s:55:\\\"\\0Symfony\\\\Component\\\\Mime\\\\Header\\\\UnstructuredHeader\\0value\\\";s:47:\\\"Confirmation de participation au trajet EcoRide\\\";}}}s:49:\\\"\\0Symfony\\\\Component\\\\Mime\\\\Header\\\\Headers\\0lineLength\\\";i:76;}i:1;N;}}s:61:\\\"\\0Symfony\\\\Component\\\\Mailer\\\\Messenger\\\\SendEmailMessage\\0envelope\\\";N;}}','[]','default','2025-06-09 13:39:25','2025-06-09 13:39:25',NULL),(14,'O:36:\\\"Symfony\\\\Component\\\\Messenger\\\\Envelope\\\":2:{s:44:\\\"\\0Symfony\\\\Component\\\\Messenger\\\\Envelope\\0stamps\\\";a:1:{s:46:\\\"Symfony\\\\Component\\\\Messenger\\\\Stamp\\\\BusNameStamp\\\";a:1:{i:0;O:46:\\\"Symfony\\\\Component\\\\Messenger\\\\Stamp\\\\BusNameStamp\\\":1:{s:55:\\\"\\0Symfony\\\\Component\\\\Messenger\\\\Stamp\\\\BusNameStamp\\0busName\\\";s:21:\\\"messenger.bus.default\\\";}}}s:45:\\\"\\0Symfony\\\\Component\\\\Messenger\\\\Envelope\\0message\\\";O:51:\\\"Symfony\\\\Component\\\\Mailer\\\\Messenger\\\\SendEmailMessage\\\":2:{s:60:\\\"\\0Symfony\\\\Component\\\\Mailer\\\\Messenger\\\\SendEmailMessage\\0message\\\";O:28:\\\"Symfony\\\\Component\\\\Mime\\\\Email\\\":6:{i:0;N;i:1;N;i:2;s:568:\\\"\n                <p>Bonjour <strong>Mama</strong>,</p>\n                <p>Merci pour votre réservation sur EcoRide !</p>\n                <p>Vous participez maintenant au trajet :</p>\n                <ul>\n                    <li><strong>Trajet :</strong> Lille → Bordeaux</li>\n                    <li><strong>Date :</strong> 15/06/2025 22:26</li>\n                    <li><strong>Prix :</strong> 5.00 crédits</li>\n                    <li><strong>Conducteur :</strong> Tran</li>\n                </ul>\n                <p>Bon voyage avec EcoRide ! 🌱</p>\n            \\\";i:3;s:5:\\\"utf-8\\\";i:4;a:0:{}i:5;a:2:{i:0;O:37:\\\"Symfony\\\\Component\\\\Mime\\\\Header\\\\Headers\\\":2:{s:46:\\\"\\0Symfony\\\\Component\\\\Mime\\\\Header\\\\Headers\\0headers\\\";a:3:{s:4:\\\"from\\\";a:1:{i:0;O:47:\\\"Symfony\\\\Component\\\\Mime\\\\Header\\\\MailboxListHeader\\\":5:{s:50:\\\"\\0Symfony\\\\Component\\\\Mime\\\\Header\\\\AbstractHeader\\0name\\\";s:4:\\\"From\\\";s:56:\\\"\\0Symfony\\\\Component\\\\Mime\\\\Header\\\\AbstractHeader\\0lineLength\\\";i:76;s:50:\\\"\\0Symfony\\\\Component\\\\Mime\\\\Header\\\\AbstractHeader\\0lang\\\";N;s:53:\\\"\\0Symfony\\\\Component\\\\Mime\\\\Header\\\\AbstractHeader\\0charset\\\";s:5:\\\"utf-8\\\";s:58:\\\"\\0Symfony\\\\Component\\\\Mime\\\\Header\\\\MailboxListHeader\\0addresses\\\";a:1:{i:0;O:30:\\\"Symfony\\\\Component\\\\Mime\\\\Address\\\":2:{s:39:\\\"\\0Symfony\\\\Component\\\\Mime\\\\Address\\0address\\\";s:19:\\\"no-reply@ecoride.fr\\\";s:36:\\\"\\0Symfony\\\\Component\\\\Mime\\\\Address\\0name\\\";s:0:\\\"\\\";}}}}s:2:\\\"to\\\";a:1:{i:0;O:47:\\\"Symfony\\\\Component\\\\Mime\\\\Header\\\\MailboxListHeader\\\":5:{s:50:\\\"\\0Symfony\\\\Component\\\\Mime\\\\Header\\\\AbstractHeader\\0name\\\";s:2:\\\"To\\\";s:56:\\\"\\0Symfony\\\\Component\\\\Mime\\\\Header\\\\AbstractHeader\\0lineLength\\\";i:76;s:50:\\\"\\0Symfony\\\\Component\\\\Mime\\\\Header\\\\AbstractHeader\\0lang\\\";N;s:53:\\\"\\0Symfony\\\\Component\\\\Mime\\\\Header\\\\AbstractHeader\\0charset\\\";s:5:\\\"utf-8\\\";s:58:\\\"\\0Symfony\\\\Component\\\\Mime\\\\Header\\\\MailboxListHeader\\0addresses\\\";a:1:{i:0;O:30:\\\"Symfony\\\\Component\\\\Mime\\\\Address\\\":2:{s:39:\\\"\\0Symfony\\\\Component\\\\Mime\\\\Address\\0address\\\";s:14:\\\"mama@email.com\\\";s:36:\\\"\\0Symfony\\\\Component\\\\Mime\\\\Address\\0name\\\";s:0:\\\"\\\";}}}}s:7:\\\"subject\\\";a:1:{i:0;O:48:\\\"Symfony\\\\Component\\\\Mime\\\\Header\\\\UnstructuredHeader\\\":5:{s:50:\\\"\\0Symfony\\\\Component\\\\Mime\\\\Header\\\\AbstractHeader\\0name\\\";s:7:\\\"Subject\\\";s:56:\\\"\\0Symfony\\\\Component\\\\Mime\\\\Header\\\\AbstractHeader\\0lineLength\\\";i:76;s:50:\\\"\\0Symfony\\\\Component\\\\Mime\\\\Header\\\\AbstractHeader\\0lang\\\";N;s:53:\\\"\\0Symfony\\\\Component\\\\Mime\\\\Header\\\\AbstractHeader\\0charset\\\";s:5:\\\"utf-8\\\";s:55:\\\"\\0Symfony\\\\Component\\\\Mime\\\\Header\\\\UnstructuredHeader\\0value\\\";s:47:\\\"Confirmation de participation au trajet EcoRide\\\";}}}s:49:\\\"\\0Symfony\\\\Component\\\\Mime\\\\Header\\\\Headers\\0lineLength\\\";i:76;}i:1;N;}}s:61:\\\"\\0Symfony\\\\Component\\\\Mailer\\\\Messenger\\\\SendEmailMessage\\0envelope\\\";N;}}','[]','default','2025-06-11 14:46:08','2025-06-11 14:46:08',NULL),(15,'O:36:\\\"Symfony\\\\Component\\\\Messenger\\\\Envelope\\\":2:{s:44:\\\"\\0Symfony\\\\Component\\\\Messenger\\\\Envelope\\0stamps\\\";a:1:{s:46:\\\"Symfony\\\\Component\\\\Messenger\\\\Stamp\\\\BusNameStamp\\\";a:1:{i:0;O:46:\\\"Symfony\\\\Component\\\\Messenger\\\\Stamp\\\\BusNameStamp\\\":1:{s:55:\\\"\\0Symfony\\\\Component\\\\Messenger\\\\Stamp\\\\BusNameStamp\\0busName\\\";s:21:\\\"messenger.bus.default\\\";}}}s:45:\\\"\\0Symfony\\\\Component\\\\Messenger\\\\Envelope\\0message\\\";O:51:\\\"Symfony\\\\Component\\\\Mailer\\\\Messenger\\\\SendEmailMessage\\\":2:{s:60:\\\"\\0Symfony\\\\Component\\\\Mailer\\\\Messenger\\\\SendEmailMessage\\0message\\\";O:28:\\\"Symfony\\\\Component\\\\Mime\\\\Email\\\":6:{i:0;N;i:1;N;i:2;s:265:\\\"\n                    <p>Bonjour <strong>Tran</strong>,</p>\n                    <p>Votre trajet avec <strong>Mama</strong> est terminé.</p>\n                    <p>Merci de vous rendre dans votre espace pour valider que tout s’est bien passé.</p>\n                \\\";i:3;s:5:\\\"utf-8\\\";i:4;a:0:{}i:5;a:2:{i:0;O:37:\\\"Symfony\\\\Component\\\\Mime\\\\Header\\\\Headers\\\":2:{s:46:\\\"\\0Symfony\\\\Component\\\\Mime\\\\Header\\\\Headers\\0headers\\\";a:3:{s:4:\\\"from\\\";a:1:{i:0;O:47:\\\"Symfony\\\\Component\\\\Mime\\\\Header\\\\MailboxListHeader\\\":5:{s:50:\\\"\\0Symfony\\\\Component\\\\Mime\\\\Header\\\\AbstractHeader\\0name\\\";s:4:\\\"From\\\";s:56:\\\"\\0Symfony\\\\Component\\\\Mime\\\\Header\\\\AbstractHeader\\0lineLength\\\";i:76;s:50:\\\"\\0Symfony\\\\Component\\\\Mime\\\\Header\\\\AbstractHeader\\0lang\\\";N;s:53:\\\"\\0Symfony\\\\Component\\\\Mime\\\\Header\\\\AbstractHeader\\0charset\\\";s:5:\\\"utf-8\\\";s:58:\\\"\\0Symfony\\\\Component\\\\Mime\\\\Header\\\\MailboxListHeader\\0addresses\\\";a:1:{i:0;O:30:\\\"Symfony\\\\Component\\\\Mime\\\\Address\\\":2:{s:39:\\\"\\0Symfony\\\\Component\\\\Mime\\\\Address\\0address\\\";s:19:\\\"no-reply@ecoride.fr\\\";s:36:\\\"\\0Symfony\\\\Component\\\\Mime\\\\Address\\0name\\\";s:0:\\\"\\\";}}}}s:2:\\\"to\\\";a:1:{i:0;O:47:\\\"Symfony\\\\Component\\\\Mime\\\\Header\\\\MailboxListHeader\\\":5:{s:50:\\\"\\0Symfony\\\\Component\\\\Mime\\\\Header\\\\AbstractHeader\\0name\\\";s:2:\\\"To\\\";s:56:\\\"\\0Symfony\\\\Component\\\\Mime\\\\Header\\\\AbstractHeader\\0lineLength\\\";i:76;s:50:\\\"\\0Symfony\\\\Component\\\\Mime\\\\Header\\\\AbstractHeader\\0lang\\\";N;s:53:\\\"\\0Symfony\\\\Component\\\\Mime\\\\Header\\\\AbstractHeader\\0charset\\\";s:5:\\\"utf-8\\\";s:58:\\\"\\0Symfony\\\\Component\\\\Mime\\\\Header\\\\MailboxListHeader\\0addresses\\\";a:1:{i:0;O:30:\\\"Symfony\\\\Component\\\\Mime\\\\Address\\\":2:{s:39:\\\"\\0Symfony\\\\Component\\\\Mime\\\\Address\\0address\\\";s:22:\\\"tranletranvn@gmail.com\\\";s:36:\\\"\\0Symfony\\\\Component\\\\Mime\\\\Address\\0name\\\";s:0:\\\"\\\";}}}}s:7:\\\"subject\\\";a:1:{i:0;O:48:\\\"Symfony\\\\Component\\\\Mime\\\\Header\\\\UnstructuredHeader\\\":5:{s:50:\\\"\\0Symfony\\\\Component\\\\Mime\\\\Header\\\\AbstractHeader\\0name\\\";s:7:\\\"Subject\\\";s:56:\\\"\\0Symfony\\\\Component\\\\Mime\\\\Header\\\\AbstractHeader\\0lineLength\\\";i:76;s:50:\\\"\\0Symfony\\\\Component\\\\Mime\\\\Header\\\\AbstractHeader\\0lang\\\";N;s:53:\\\"\\0Symfony\\\\Component\\\\Mime\\\\Header\\\\AbstractHeader\\0charset\\\";s:5:\\\"utf-8\\\";s:55:\\\"\\0Symfony\\\\Component\\\\Mime\\\\Header\\\\UnstructuredHeader\\0value\\\";s:30:\\\"EcoRide - Validez votre trajet\\\";}}}s:49:\\\"\\0Symfony\\\\Component\\\\Mime\\\\Header\\\\Headers\\0lineLength\\\";i:76;}i:1;N;}}s:61:\\\"\\0Symfony\\\\Component\\\\Mailer\\\\Messenger\\\\SendEmailMessage\\0envelope\\\";N;}}','[]','default','2025-06-11 14:46:45','2025-06-11 14:46:45',NULL);
/*!40000 ALTER TABLE `messenger_messages` ENABLE KEYS */;
UNLOCK TABLES;

--
-- Table structure for table `participation`
--

DROP TABLE IF EXISTS `participation`;
/*!40101 SET @saved_cs_client     = @@character_set_client */;
/*!50503 SET character_set_client = utf8mb4 */;
CREATE TABLE `participation` (
  `id` int NOT NULL AUTO_INCREMENT,
  `user_id` int DEFAULT NULL,
  `trajet_id` int DEFAULT NULL,
  `created_at` datetime NOT NULL COMMENT '(DC2Type:datetime_immutable)',
  `credits_utilises` int NOT NULL,
  `trajet_valide` tinyint(1) DEFAULT NULL,
  `commentaire` longtext COLLATE utf8mb4_unicode_ci,
  PRIMARY KEY (`id`),
  KEY `IDX_AB55E24FA76ED395` (`user_id`),
  KEY `IDX_AB55E24FD12A823` (`trajet_id`),
  CONSTRAINT `FK_AB55E24FA76ED395` FOREIGN KEY (`user_id`) REFERENCES `user` (`id`),
  CONSTRAINT `FK_AB55E24FD12A823` FOREIGN KEY (`trajet_id`) REFERENCES `trajet` (`id`)
) ENGINE=InnoDB AUTO_INCREMENT=31 DEFAULT CHARSET=utf8mb4 COLLATE=utf8mb4_unicode_ci;
/*!40101 SET character_set_client = @saved_cs_client */;

--
-- Dumping data for table `participation`
--

LOCK TABLES `participation` WRITE;
/*!40000 ALTER TABLE `participation` DISABLE KEYS */;
INSERT INTO `participation` VALUES (1,5,6,'2025-06-03 09:11:24',0,NULL,NULL),(2,5,6,'2025-06-03 09:11:31',0,NULL,NULL),(3,5,1,'2025-06-03 09:15:00',0,NULL,NULL),(4,5,1,'2025-06-03 09:29:03',0,NULL,NULL),(5,5,2,'2025-06-03 09:33:25',0,NULL,NULL),(6,5,2,'2025-06-03 09:33:31',0,NULL,NULL),(7,5,1,'2025-06-03 09:40:26',0,NULL,NULL),(8,5,9,'2025-06-03 09:49:10',0,NULL,NULL),(9,16,3,'2025-06-04 11:38:46',0,NULL,NULL),(10,16,3,'2025-06-04 11:38:58',0,NULL,NULL),(14,19,6,'2025-06-05 07:57:52',0,NULL,NULL),(15,19,6,'2025-06-05 07:59:23',0,NULL,NULL),(18,21,8,'2025-06-06 10:26:15',0,NULL,NULL),(19,20,21,'2025-06-07 22:22:54',5,NULL,NULL),(23,12,22,'2025-06-09 11:58:54',5,NULL,NULL),(24,12,22,'2025-06-09 12:05:45',5,NULL,NULL),(28,13,17,'2025-06-09 13:33:47',10,0,''),(29,13,17,'2025-06-09 13:39:25',10,0,'Le chauffeur est fumeur, il fume dans la voiture durant le trajet.\r\n'),(30,13,22,'2025-06-11 14:46:08',5,1,'');
/*!40000 ALTER TABLE `participation` ENABLE KEYS */;
UNLOCK TABLES;

--
-- Table structure for table `trajet`
--

DROP TABLE IF EXISTS `trajet`;
/*!40101 SET @saved_cs_client     = @@character_set_client */;
/*!50503 SET character_set_client = utf8mb4 */;
CREATE TABLE `trajet` (
  `id` int NOT NULL AUTO_INCREMENT,
  `chauffeur_id` int NOT NULL,
  `vehicule_id` int NOT NULL,
  `ville_depart` varchar(255) COLLATE utf8mb4_unicode_ci NOT NULL,
  `ville_arrivee` varchar(255) COLLATE utf8mb4_unicode_ci NOT NULL,
  `date_depart` datetime NOT NULL COMMENT '(DC2Type:datetime_immutable)',
  `places_total` int NOT NULL,
  `places_restantes` int NOT NULL,
  `prix` decimal(10,2) NOT NULL,
  `is_eco_certifie` tinyint(1) NOT NULL,
  `created_at` datetime NOT NULL COMMENT '(DC2Type:datetime_immutable)',
  `updated_at` datetime DEFAULT NULL COMMENT '(DC2Type:datetime_immutable)',
  `duree` int DEFAULT NULL,
  `is_started` tinyint(1) NOT NULL,
  `is_completed` tinyint(1) NOT NULL,
  PRIMARY KEY (`id`),
  KEY `IDX_2B5BA98C85C0B3BE` (`chauffeur_id`),
  KEY `IDX_2B5BA98C4A4A3511` (`vehicule_id`),
  CONSTRAINT `FK_2B5BA98C4A4A3511` FOREIGN KEY (`vehicule_id`) REFERENCES `vehicule` (`id`),
  CONSTRAINT `FK_2B5BA98C85C0B3BE` FOREIGN KEY (`chauffeur_id`) REFERENCES `user` (`id`)
) ENGINE=InnoDB AUTO_INCREMENT=23 DEFAULT CHARSET=utf8mb4 COLLATE=utf8mb4_unicode_ci;
/*!40101 SET character_set_client = @saved_cs_client */;

--
-- Dumping data for table `trajet`
--

LOCK TABLES `trajet` WRITE;
/*!40000 ALTER TABLE `trajet` DISABLE KEYS */;
INSERT INTO `trajet` VALUES (1,1,1,'Nantes','Montpellier','2025-06-09 08:00:00',4,2,28.50,1,'2025-06-02 11:21:58',NULL,90,0,0),(2,2,2,'Paris','Lyon','2025-06-09 08:00:00',4,3,28.50,1,'2025-06-02 11:22:51',NULL,120,0,0),(3,1,1,'Paris','Lyon','2025-06-09 08:00:00',4,-1,28.50,1,'2025-06-02 12:01:41',NULL,0,0,0),(4,2,2,'Paris','Lyon','2025-06-09 08:00:00',4,1,28.50,1,'2025-06-02 12:02:08',NULL,0,0,0),(5,1,1,'Paris','Lyon','2025-06-10 00:00:00',4,3,25.00,0,'2025-06-02 14:12:50',NULL,335,0,0),(6,1,1,'Nantes','Montpellier','2025-06-11 00:00:00',4,-1,39.83,0,'2025-06-02 14:12:50',NULL,153,0,0),(7,1,1,'Lille','Strasbourg','2025-06-12 00:00:00',4,1,24.39,0,'2025-06-02 14:12:50',NULL,232,0,0),(8,1,1,'Marseille','Toulouse','2025-06-13 00:00:00',4,1,37.05,0,'2025-06-02 14:12:50',NULL,226,0,0),(9,1,1,'Bordeaux','Nice','2025-06-14 00:00:00',4,1,20.67,1,'2025-06-02 14:12:50',NULL,175,0,0),(12,15,4,'Marseille','Toulouse','2025-06-25 11:35:00',3,3,18.00,0,'2025-06-05 08:31:31',NULL,NULL,0,0),(16,13,6,'Toulouse','Lille','2025-06-09 11:17:00',2,1,25.00,1,'2025-06-05 09:18:08',NULL,NULL,1,1),(17,13,6,'Lyon','Nice','2025-07-01 12:08:00',3,1,10.00,1,'2025-06-06 10:08:56',NULL,NULL,1,1),(18,13,6,'Lyon','Nice','2025-07-01 12:08:00',3,3,10.00,1,'2025-06-06 10:09:28',NULL,NULL,1,1),(19,13,6,'Toulouse','Nantes','2025-07-14 12:14:00',4,4,5.00,1,'2025-06-06 10:14:50',NULL,NULL,0,0),(20,13,8,'Paris','Lyon','2025-06-06 16:18:00',2,2,2.00,0,'2025-06-06 11:18:53',NULL,NULL,0,0),(21,13,8,'Lille','Paris','2025-06-15 00:07:00',1,0,5.00,0,'2025-06-07 22:07:21',NULL,NULL,1,1),(22,20,10,'Lille','Bordeaux','2025-06-15 22:26:00',3,0,5.00,0,'2025-06-08 20:26:35',NULL,NULL,1,0);
/*!40000 ALTER TABLE `trajet` ENABLE KEYS */;
UNLOCK TABLES;

--
-- Table structure for table `user`
--

DROP TABLE IF EXISTS `user`;
/*!40101 SET @saved_cs_client     = @@character_set_client */;
/*!50503 SET character_set_client = utf8mb4 */;
CREATE TABLE `user` (
  `id` int NOT NULL AUTO_INCREMENT,
  `email` varchar(180) COLLATE utf8mb4_unicode_ci NOT NULL,
  `roles` json NOT NULL,
  `password` varchar(255) COLLATE utf8mb4_unicode_ci NOT NULL,
  `pseudo` varchar(50) COLLATE utf8mb4_unicode_ci NOT NULL,
  `credits` int NOT NULL,
  `created_at` datetime NOT NULL COMMENT '(DC2Type:datetime_immutable)',
  `updated_at` datetime DEFAULT NULL COMMENT '(DC2Type:datetime_immutable)',
  `test` varchar(255) COLLATE utf8mb4_unicode_ci DEFAULT NULL,
  `api_token` varchar(255) COLLATE utf8mb4_unicode_ci NOT NULL,
  `photo` varchar(255) COLLATE utf8mb4_unicode_ci DEFAULT NULL,
  `user_type` varchar(50) COLLATE utf8mb4_unicode_ci DEFAULT NULL,
  `is_active` tinyint(1) NOT NULL,
  PRIMARY KEY (`id`),
  UNIQUE KEY `UNIQ_IDENTIFIER_EMAIL` (`email`)
) ENGINE=InnoDB AUTO_INCREMENT=29 DEFAULT CHARSET=utf8mb4 COLLATE=utf8mb4_unicode_ci;
/*!40101 SET character_set_client = @saved_cs_client */;

--
-- Dumping data for table `user`
--

LOCK TABLES `user` WRITE;
/*!40000 ALTER TABLE `user` DISABLE KEYS */;
INSERT INTO `user` VALUES (1,'jimmy@gmail.com','[]','$2y$13$RBBrUYqFpTQb5TUQHBTkLuYGmIc2HubElXhQAG.uVHrbXlIoUD7Bq','Jimmy',20,'2025-05-26 07:17:50',NULL,NULL,'67967ab824971cf0cce8fdaeb7180a9c1e9c7640',NULL,NULL,1),(2,'tom@gmail.com','[]','$2y$13$3bTN8DGbQG7GsswHDZY/dOBkMmif7853NWMznVGfqIyPsFdWSU/zy','Tom',20,'2025-05-26 07:42:05',NULL,NULL,'f6d81e6a3159790bade07d789f7dae9636e4f5c8',NULL,NULL,1),(3,'mary@gmail.com','[]','$2y$13$lk.MqJ2ea0uNAz5vpgz7n.19JFPicauO2rmI97fO2I/2kZgtyfcAm','Mary',20,'2025-05-26 07:45:34',NULL,NULL,'af250e0ce941f1f506659201e0070eac3237d053',NULL,NULL,1),(4,'jane@gmail.com','[]','$2y$13$fd5lUcfB2FuqNp9l7fTmPeTrniJr/yh7cZmNXlDFPeERLEdTemEDa','Jane',20,'2025-05-27 08:15:44',NULL,NULL,'9bafdebdd827afaf1f2155b2f96709a9f3445e2a',NULL,NULL,1),(5,'mary@example.com','[\"ROLE_USER\"]','$2y$13$aDpsXVfawFp8N9MZXnbaKuARoMHl2kz6PO3TwX.vBW7TIxuka8tSO','Mary',174,'2025-06-02 11:19:04',NULL,NULL,'abc123token','/uploads/users/default.jpg',NULL,0),(6,'peter@example.com','[\"ROLE_USER\"]','peterland','Peter',20,'2025-06-02 11:19:35',NULL,NULL,'abc123token','/uploads/users/default.jpg',NULL,0),(7,'jane@example.com','[\"ROLE_USER\"]','janeland','Jane',20,'2025-06-02 11:20:07',NULL,NULL,'abc456token','/uploads/users/default.jpg',NULL,0),(8,'ten@email.com','[]','$2y$13$ZQrlJiFqhg1z8d0.mJGSHeXw7.I8M3mIP29xL0IoVqse/QhphmRb.','Ten',20,'2025-06-03 12:09:02',NULL,NULL,'1d770c11cd6871d2d0f505ce3fac90184cc40099',NULL,NULL,0),(9,'vit@email.com','[]','$2y$13$NZgBEOBCmWbHwHf9IsSROeiE2sDXNpVx1eMsccV2vrt4ZX3418jRy','Vit',20,'2025-06-03 12:23:09',NULL,NULL,'6262e5200e607e82a9467ee9d18d5b3ce1cc1313',NULL,NULL,0),(10,'huy@email.com','[\"ROLE_USER\"]','$2y$13$inIMVBb8KWh6zXgtYfYrWeZzphr33qVjVMrggytuDWOKcsV.Q/QiS','Huy',20,'2025-06-03 12:44:22',NULL,NULL,'1991f3f1be2c4967f86ac0efcd35036241114e36',NULL,NULL,1),(11,'pikachu@email.com','[\"ROLE_USER\"]','$2y$13$XL57Icumo9FEzeZZ2LIzPOiA5mAk3eGO7woXYwOdjIv3vonPjajZG','Pikachu',20,'2025-06-03 12:44:45',NULL,NULL,'2c94589d2fb35780f5a1fae63c3987eedbc39cea',NULL,NULL,0),(12,'noa@email.com','[\"ROLE_USER\"]','$2y$13$VQZzU9kEW4fOPAOwBaR.vuOGEVH3qoe9FcKynXxtiG6uZa4szps.O','Noa',10,'2025-06-03 20:45:30',NULL,NULL,'2a84db23c76737e300f084706d26a119aadd87ca',NULL,'passager',0),(13,'mama@email.com','[\"ROLE_USER\"]','$2y$13$xiP9Bvtedo2UzoQkoKlif.O7To8XCgvBfQnUhQHpRDTxSWgAyV1D6','Mama',393,'2025-06-03 20:46:15',NULL,NULL,'387518667eaa94d67106f5daf2b4a82681844a88',NULL,'passager_chauffeur',0),(14,'elena@email.com','[\"ROLE_USER\"]','$2y$13$SeMJVTf3Nl4x9gxIMhdoCuYyHXVGVYo3Af34RCxQaz/d634BU/0Kq','elena',20,'2025-06-03 21:48:11',NULL,NULL,'5f03b43e5644662863242e620abff2b1cd93cbeb',NULL,'passager',0),(15,'rafi@email.com','[\"ROLE_USER\"]','$2y$13$XsklJi2pUstiKcmSSOqqCume2cATxoDUndOp6MSf5O6OK6g4jhbf2','Rafi',18,'2025-06-03 21:48:42',NULL,NULL,'382fdaf0a7a9d2a0908f58378f6171727205bdc9',NULL,'passager_chauffeur',1),(16,'jules@example.com','[\"ROLE_USER\"]','$2y$13$28ZrJHDrRbd/bPZz0EqrcOAyfFLFWzzsK9UTZjov.Himu4y6noEWa','Jules',384,'2025-06-04 11:36:45',NULL,NULL,'f629195aa7089aa6c19fdfa38bc072532429542a',NULL,'passager',0),(17,'non@email.com','[\"ROLE_USER\"]','$2y$13$W8ie9PQGb0WbiV18tASmLehomuZy7NyYPl/3zOLJF3SrQjHgXKOt.','non',20,'2025-06-04 12:16:50',NULL,NULL,'b1c907cc09c8a7ff2a9c2ad6640c7fc142a79dda',NULL,'passager',0),(18,'lala@email.com','[\"ROLE_USER\"]','$2y$13$OOxZuWKQSwdMLlqJAiUgHuJi7u9Uki9oQCJJZM1UFVD8iMSiZjU9O','Lala',20,'2025-06-04 12:35:25',NULL,NULL,'8f3f3a735cb190c6b2f3ddd0c2bc2d13a6b6c25d',NULL,'passager',0),(19,'anger@email.com','[\"ROLE_USER\"]','$2y$13$/45uuIMpFeAKomd5KQ1QWOKI6I6kqbb78YTPhTUV5OYtHH8RO8E/e','Anger',301,'2025-06-04 13:00:43',NULL,NULL,'c4a283107b08806597da279a520387996aeaf43c',NULL,'passager',0),(20,'tranletranvn@gmail.com','[\"ROLE_USER\"]','$2y$13$F1age1IC7.1EFTKG2w9xBu4xuvBylLop/iY91xyinB1xIfUoxxXdq','Tran',478,'2025-06-05 10:03:21',NULL,NULL,'4dd5cc7240d15e605b0c912a2e14e2b89c7a8c89',NULL,'passager_chauffeur',0),(21,'vh@email.com','[\"ROLE_USER\"]','$2y$13$Tas2IsdaOlY0Fz9n3SNnTu/cUys.ew2X15IsbDEUmObYwD04eWjvC','VH',462,'2025-06-06 10:24:29',NULL,NULL,'1f2ae22d9db4d3972d715e51073432a1c97e7caf',NULL,'passager',0),(22,'employe@email.com','[\"ROLE_EMPLOYE\"]','$2y$13$kHhjW.dRgIYXhZubo/kule63PEJrXem8Mgz2GuIV.cd7pXz056Npe','EmployeTest',20,'2025-06-13 09:05:29',NULL,NULL,'token_employe_123',NULL,NULL,0),(23,'admin@email.com','[\"ROLE_ADMIN\"]','$2y$13$q0hxc0/viojAKn6J1TXMleSy3tSE82xiM7CI/0Lbxto4HQEuFEdEO','Admin',20,'2025-06-13 14:23:09',NULL,NULL,'token_admin_123',NULL,NULL,0),(25,'employe1@email.com','[\"ROLE_EMPLOYE\"]','$2y$13$1ElmpqGzUT4FhpmmLZDbceyBtP0WNtAHZ1wrPQc38jEVHIHfwl/y.','Employe1',0,'2025-06-14 06:46:30',NULL,NULL,'7a9f1b2f1d9acbc3813723b4178fb22e57243470',NULL,NULL,0),(26,'employe2@email.com','[\"ROLE_EMPLOYE\"]','$2y$13$.jbJTPc1xcFc7aJusP7g7eJt.Qc6Mi2FqqTk6wnc/VcFHsX5EobRK','Employe2',0,'2025-06-14 06:47:02',NULL,NULL,'c6d789bcf846691457c889768a7582cd4bff1290',NULL,NULL,0),(27,'employe3@email.com','[\"ROLE_EMPLOYE\"]','$2y$13$fOrOwNnwk.Vej3fcitJnhud0mOdKJD.CaD7bgq9/MlK3pcpegSTSm','Employe3',0,'2025-06-14 06:51:32',NULL,NULL,'4486588aa443bb1dfd1befee698f914f7eb8f034',NULL,NULL,1),(28,'employe4@email.com','[\"ROLE_EMPLOYE\"]','$2y$13$MU2nqs0MvPL1o0V4642yx.TJBgyzobUrwaeWRYrffcNPbuNfscVhG','Employe4',0,'2025-06-14 07:39:05',NULL,NULL,'8a3167f4c027f1766cab9bd26f4347cb1a5225aa',NULL,NULL,1);
/*!40000 ALTER TABLE `user` ENABLE KEYS */;
UNLOCK TABLES;

--
-- Table structure for table `vehicule`
--

DROP TABLE IF EXISTS `vehicule`;
/*!40101 SET @saved_cs_client     = @@character_set_client */;
/*!50503 SET character_set_client = utf8mb4 */;
CREATE TABLE `vehicule` (
  `id` int NOT NULL AUTO_INCREMENT,
  `utilisateur_id` int NOT NULL,
  `marque` varchar(255) COLLATE utf8mb4_unicode_ci NOT NULL,
  `modele` varchar(255) COLLATE utf8mb4_unicode_ci NOT NULL,
  `immatriculation` varchar(255) COLLATE utf8mb4_unicode_ci NOT NULL,
  `type_energie` varchar(50) COLLATE utf8mb4_unicode_ci NOT NULL,
  `prefer_chien` tinyint(1) NOT NULL,
  `prefer_fumeur` tinyint(1) NOT NULL,
  `created_at` datetime NOT NULL COMMENT '(DC2Type:datetime_immutable)',
  `updated_at` datetime DEFAULT NULL COMMENT '(DC2Type:datetime_immutable)',
  `places` int NOT NULL,
  `preferences_libres` longtext COLLATE utf8mb4_unicode_ci,
  PRIMARY KEY (`id`),
  KEY `IDX_292FFF1DFB88E14F` (`utilisateur_id`),
  CONSTRAINT `FK_292FFF1DFB88E14F` FOREIGN KEY (`utilisateur_id`) REFERENCES `user` (`id`)
) ENGINE=InnoDB AUTO_INCREMENT=11 DEFAULT CHARSET=utf8mb4 COLLATE=utf8mb4_unicode_ci;
/*!40101 SET character_set_client = @saved_cs_client */;

--
-- Dumping data for table `vehicule`
--

LOCK TABLES `vehicule` WRITE;
/*!40000 ALTER TABLE `vehicule` DISABLE KEYS */;
INSERT INTO `vehicule` VALUES (1,1,'Renault','Zoé','AB-123-CD','électrique',0,0,'2025-06-02 11:20:41',NULL,0,NULL),(2,3,'BMW','BN214','CD-156-RT','électrique',0,0,'2025-06-02 11:21:28',NULL,0,NULL),(3,15,'Renault','Scenic','LK-475-YT','électrique',1,0,'2025-06-03 21:49:43',NULL,2,NULL),(4,15,'BMW','ET411','JU-879-UY','essence',1,1,'2025-06-04 11:32:07',NULL,1,NULL),(5,18,'Renault','Espace','HG-241-YT','diesel',0,0,'2025-06-04 12:39:46',NULL,2,NULL),(6,13,'Renault','ET411','HY-754-OI','électrique',1,0,'2025-06-04 19:59:55',NULL,3,NULL),(7,13,'BMW','ET411','UH-412-NV','électrique',0,0,'2025-06-06 10:10:17',NULL,5,NULL),(8,13,'Toyota','RAV4','RE-142-GR','diesel',0,0,'2025-06-06 10:15:16',NULL,1,NULL),(9,13,'Toyota','Scenic','KJ-457-JG','diesel',0,0,'2025-06-06 11:19:18',NULL,1,NULL),(10,20,'Renault','Scenic','TG-897-UT','essence',0,0,'2025-06-08 20:26:18',NULL,4,NULL);
/*!40000 ALTER TABLE `vehicule` ENABLE KEYS */;
UNLOCK TABLES;
/*!40103 SET TIME_ZONE=@OLD_TIME_ZONE */;

/*!40101 SET SQL_MODE=@OLD_SQL_MODE */;
/*!40014 SET FOREIGN_KEY_CHECKS=@OLD_FOREIGN_KEY_CHECKS */;
/*!40014 SET UNIQUE_CHECKS=@OLD_UNIQUE_CHECKS */;
/*!40101 SET CHARACTER_SET_CLIENT=@OLD_CHARACTER_SET_CLIENT */;
/*!40101 SET CHARACTER_SET_RESULTS=@OLD_CHARACTER_SET_RESULTS */;
/*!40101 SET COLLATION_CONNECTION=@OLD_COLLATION_CONNECTION */;
/*!40111 SET SQL_NOTES=@OLD_SQL_NOTES */;

-- Dump completed on 2025-06-14 23:20:19
